,Date Created,Author,Score,Comments
0,2020-11-27 21:36:28,yearofthebull69,341,WSB should buy up every house in Andrew Leftâ€™s neighborhood and convert to low income housing so that Andrewâ€™s house is worth 50% less so he can see what itâ€™s like to have his equity attacked
1,2020-11-27 21:17:36,braau123,167,WSB has taught me to feel nothing on the red days. Today's PLTR dip was child's play compared to some of the stuff we had to endure this year
2,2020-11-27 23:26:59,jeffdidntkillhimslf,141,I hope you all become rich
3,2020-11-27 21:10:49,GiveNgett,121,How much of this weeks pltr gains are directly from this sub? Can we unionize and get a board seat?
4,2020-11-27 21:16:12,YoungGucci66,124,Making a Citron vs WSB movie when I get home. Gonna be epic
5,2020-11-27 21:17:04,General_Tell_819,219,Keep pumping PLTR
6,2020-11-27 21:33:52,ts23_,101,"me on reddit: LOL those puts never will never print you autist, get fuk gay bear loser ğŸ¤¡ğŸ¤¡

vs

me on resume: Provide clients with constructive criticisms & advice to reshape their portfolio to maximize returns while minimizing risk."
7,2020-11-27 21:34:38,WillingCommittee,84,Imagine if you started your trading career these past few weeks and think itâ€™s the easiest game in the world
8,2020-11-27 21:39:59,believerforjustice,65,Who else life lost all meaning those 3 minutes wsb went private?
9,2020-11-27 23:40:06,g4858364957,69,Imagine telling your family to buy PLTR on thanksgiving
10,2020-11-27 21:20:55,DoesntUnderstandJoke,64,PLTR already recovering from Andrew Cuck
11,2020-11-27 21:21:53,orockers,62,I feel like itâ€™s been Friday for three days
12,2020-11-27 21:21:01,ts23_,56,"Gay bears ğŸ³ï¸â€ğŸŒˆğŸ» got WAP

Whack ass positions ğŸ¤¡ğŸ’©"
13,2020-11-27 22:18:04,LUV2FUKMARRIEDMILFS,56,"PLTR INVESTORS 

IT AINT OVER YET 

MONDAY 

I WANT FUCKEN VENGEANCEğŸ¤¬ğŸ¦ˆğŸ¦ˆğŸ¦ˆğŸŒŠ

FIST ON CHEST NO FEAR"
14,2020-11-28 00:03:45,CPA-hole,56,Andrew Left the type of guy who licks his finger to turn the page on an iPad
15,2020-11-27 21:43:57,Atlas___,55,"AMA, I bought PLTR calls at 9:35 AM"
16,2020-11-27 22:42:20,1dayoungj,56,"I really wish PLTR rockets to atleast 60$ before Xmas, I want all my bulls to make a shit load of money via calls. Also fuck citron. We will retaliate somehow ğŸ–•â¤ï¸ğŸ§¡ğŸ’›ğŸ’šğŸ’™ğŸ»"
17,2020-11-28 05:00:21,brbcripwalking,53,"The year is 2077, you and your family are having a BYND soy turkey substitute with tempeh stuffing for dinner at MCDBKWND.

You live in your parents 6x6 Zillow basement at 77 years old and still work at an AMZN warehouse as a sex slave. This is your one vacation day allotted for 5 years.

Your investment in Dow Jones went bankrupt as the DJIA is still struggling to cross 30k. Your friends who invested in Dow Jiang, the Chinese version of the dow are now retired and drive NIOs.

TSLA is now a country in Mars and you spend your time daydreaming about being a colonist as you're driving to work in a 2030 XPEV. It is custom painted with the WSB logo, license plate reading ""BULZ R FUK""

However in order to day trip thru the solar system, Space X requires a minimum portfolio balance of $25,000. Per the law of Elon, circa 2050.

You boot up your portfolio on Robinhood2 using your iPhone 6s plus even though Apple had gone out of business in 2025 when the UN outlawed the wheel for environmental reasons. Sign is visible at their abandoned headquarters in California reading: ""Theta this now you fucking piece of shit"". Goodyear blimp crash landed and still somehow burning in the parking lot.

You attempt to connect to the restaurant's wifi since Starlink took their services offline in North America after an antitrust suit by the Republic of Exxon Mobil, formally known as Texas. They are the only state that still uses gasoline even after it was confirmed that vaping petrol causes mild insomnia.

Your account balance reads -$89.51. And a margin call message appears in your inbox. ""Please stop sending Pesos in an envelope when you make a deposit. Furthermore, We will no longer be able to receive kidneys as form of payment. Sorry for the inconvenience""

You once again average down on your PLTR $10000P 11/27/77 hoping for a gap down. Andrew Left's post on Tiktok justified your DD. It was either that or THCğŸ who were still trying to acquire energizer batteries (close race between them and Oracle/Walmart)

The market opens and PLTR tanks after the news that they will buy out Google. A stock deal like that could mean millions of issued shares.

Alex Karp and Mr. Peanut brings out a fat stack of Turkish Lira and a tanker full of diesel and trades it for boomer ass GOOGL like it was a Roblox card. PLTR closes at $10001 making sure that your puts expire worthless.

On the way to LOW for some ROPE, you are hit by a rogue NKLA going downhill. You haven't seen one of those since 2020. The year you could have loaded up on PLTR calls when it was trading for $28 on the New York Stock Exchange. You die cursing George Soros as your shitty XPEV drives itself back to the dealership for missing payments."
18,2020-11-27 22:32:53,jaydilla211,138,"Fuck, really hurting from todayâ€™s 5% rug pull on PLTR. Now Iâ€™m only up 350% on my position ğŸ˜” Those gay bears showed me the error of my ways"
19,2020-11-27 21:09:21,thrywy20200,46,Dreaming of the Monday dicking of Cintron
20,2020-11-27 22:14:49,piss-in-a-bottle,45,Upvote for PLTR exposure. Post PLTR threads as much as possible. Put premarket orders in as much as possible
21,2020-11-27 22:16:46,Phishzz,48,Citron is worse than ISIS
22,2020-11-27 22:42:12,SyanWilmont,46,"You guys need to chill. We got spoiled by PLTR going 20+% for 3 days straight, of course the ğŸš€ needs to refuel. If the cost for 3 20+% days is one -5%, I will happily take it."
23,2020-11-27 22:54:32,Kansas1297,51,"Made the mistake of letting my wife see my PLTR gains today.

Her black Friday shopping hurt me way more than today's dip.

How can I find her a boyfriend so she'll leave me alone?"
24,2020-11-27 21:09:59,EatMeatPeeps,206,"My portfolio is down 50% cause of PLTR, Monday it will be up 200% because of PLTR ğŸŒ"
25,2020-11-27 22:14:58,JRSmithwithabadshot,41,"Citron usually downgrades a stock when those greedy fucks are missing out on profits. So they tank it, get enough positions in, and hold it long-term.

&#x200B;

PLTR reaching 35+ this upcoming week anyway."
26,2020-11-27 23:15:54,nosalute,44,"Holy fuck dude.

No trading on Thursday half day today now 2 days off? This shit retarded. Open the markets already"
27,2020-11-28 00:08:35,e30jawn,42,Andrew Left claps when the plane lands
28,2020-11-27 22:41:22,-NotEvenMyFinalForm-,35,Who else is ready to see TSLA at $600+ on Monday?
29,2020-11-27 23:55:17,OverAndUnder500,36,So hereâ€™s why PLTR will be a trillion dollar company by December
30,2020-11-28 00:49:34,your_mom_loves_me69,36,"Fuck cancer man, seeing my dad for the first time since he was diagnosed back in August and it fucking blows to see him in this condition. Hopefully I make decent coin on these GME shares so I can gain some artificial happiness"
31,2020-11-28 01:31:37,nosalute,37,Has anyone ever actually taken out money to like..spend it?
32,2020-11-28 02:17:09,dghmuiytd,37,"Anyone else get into risky positions and literally get nothing done at work, just refreshing your account value every 30 seconds?"
33,2020-11-27 21:12:29,SeaAdvantage9,105,Anyone know drugs I can take that will make me unconscious until Monday 9:30am?
34,2020-11-27 21:10:20,richhomie66,126,Iâ€™ve been looking into these TikTok and YouTube groups that have been buying up mansions in LA. Theyâ€™re all like fucking 16 and probably are getting way more pussy than any of us. Does anyone want to pitch in on a WSB house in LA? Iâ€™ll contribute like a rack or 2.
35,2020-11-27 21:13:14,Cashmoneytendies,32,Whelp all the new people are gone now ğŸ˜‚
36,2020-11-27 22:07:42,PTuttleee,36,"Monday? Hah more like MOONday! ğŸš€

Fuck you Andrew Left"
37,2020-11-27 22:12:39,BecauseMeNoNo,31,"If it were up to the folks here, Citron will be declared as terrorist. You newbies have no idea, what TSLA went through."
38,2020-11-27 22:17:05,Backlight-Bowlclear,34,"My account is up 225% in the last 2.5 weeks

It is also down 30% all time

ğŸ˜ŸğŸ¤”"
39,2020-11-27 22:43:22,BaalBoys,31,PLTR dip buy gang reporting inğŸ¤š
40,2020-11-27 23:33:18,Kilokalypso,32,Too many people getting married to these stocks and not married to this money
41,2020-11-27 23:59:27,nosalute,30,Andrew Left went to the local sperm bank and asked to make a withdrawal
42,2020-11-28 01:31:32,hodlforlyfe,34,"Holy shit dude my account went from $62K to $200 the last 2 weeks...and no I wasn't ONLY a gay bear. I lost atleast $10K a piece on PLTR today and XPEV earlier. Literally the day I buy in it finally drops. Inverse me and become rich, cause I literally lost 15 plays in a row"
43,2020-11-28 05:54:51,BaalBoys,32,You know you're autistic when Monday morning is your favorite time of the week
44,2020-11-27 21:14:02,cockold,58,ğŸ ğŸš€ ğŸ ğŸš€ ğŸ ğŸš€ ğŸ ğŸš€ğŸ ğŸš€ ğŸ ğŸš€ ğŸ ğŸš€ ğŸ ğŸš€ğŸ ğŸš€ ğŸ ğŸš€ ğŸ ğŸš€ ğŸ ğŸš€ğŸ ğŸš€ ğŸ ğŸš€ ğŸ ğŸš€ ğŸ ğŸš€ğŸ ğŸš€ ğŸ ğŸš€ ğŸ ğŸš€ ğŸ ğŸš€ğŸ ğŸš€ ğŸ ğŸš€ ğŸ ğŸš€ ğŸ ğŸš€
45,2020-11-27 21:44:56,Sufficient_Mulberry1,78,Guys PLTR went up nearly 80% this week. Itâ€™s okay to have a healthy pull back. Stop blaming citron and just watch how mad they are when PLTR moons on Monday!
46,2020-11-27 21:42:23,mildloneliness,25,"we really using emojis instead of tickers now?
ğŸŒ¿ğŸ ~ ğŸŒ¿ğŸ ~ ğŸŒ¿ğŸ"
47,2020-11-27 21:45:37,HellOfaUsername,26,ğŸ-who-must-not-be-named ğŸš€ğŸš€ğŸš€
48,2020-11-27 21:46:21,bleev,25,Citron bought PLTR.
49,2020-11-27 22:35:23,dawson3678,27,Imagine if PLTR gets another contract next week ğŸš€ğŸš€ğŸš€ğŸš€ğŸš€
50,2020-11-27 22:38:57,Notthenormie,27,LMAO why is [this ](https://www.reddit.com/r/personalfinance/comments/k2aorx/horrible_decision/?utm_medium=android_app&utm_source=share) so funny
51,2020-11-27 22:57:51,tomtom6400,26,Citron is that ugly bitch in the club who cockblocks the entire squad and fucks up the night
52,2020-11-27 22:58:59,Give_me_an_M3,30,Feels like tomorrow should be Sunday
53,2020-11-27 23:00:27,tim_rocks_hard,26,Imagine PLTR ripping another $8+ next week and people still losing money on FDs
54,2020-11-27 23:11:25,Jpatrickj,29,If u sold pltr ur officially lemon gang lol
55,2020-11-27 23:16:02,COBOCG,25,These fucks at Citron are pure scum.  What they do is straight market manipulation.  The decent honest people here at WSB would never engage in stuff like that. ğŸ˜¤  I know for sure that no one here would ever photoshop a false NIO earnings report showing big losses.  I also know that no one here would then pretend to believe it and then hype it up trying to drive the price down at open so we could all get in cheaper.  That is not the type of people that we are.  We are not scum like those amoral fucks at Citron.
56,2020-11-27 23:30:30,ledxi,26,"This week I went from $755 to $8,100. Nice"
57,2020-11-27 23:44:39,RAGE_CAKES,29,"Where is Citron located? I want to move there, find a job nearby its offices and take a shit on its door step every chance I get"
58,2020-11-28 00:14:41,ygao97,27,"[Let's not forget Citron was long Luckin Coffee at the end of January this year.](https://twitter.com/CitronResearch/status/1223302786747527169?s=19)

Guy can't call a fraud right if it was sitting on his face"
59,2020-11-28 00:35:30,spyaintnobitch,27,Saw some dude turn 120k into 4.8 mill yesterday. I can barely turn a hundred bucks into $101
60,2020-11-28 03:00:13,NewtoInvesting_,28,Stocks give me the illusion I can retire by 30. Options give me the illusion I can retire next week.
61,2020-11-28 03:15:31,www123x,29,Mike Pence coming out as gay would be a grand finale for 2020
62,2020-11-28 03:35:37,BuyNioNow,27,"u/harceapsat is a scammer, saying heâ€™ll pay you $100 if you follow his Twitter account: @Plumpeo

Mods, please ban him"
63,2020-11-27 23:59:49,Theuncommonone_,25,Andrew Left eats his cereal with water
64,2020-11-28 00:03:10,Shorter_McGavin,24,Andrew Left doesnâ€™t use his blinker
65,2020-11-28 00:18:06,mrsilvers,25,Are you really telling me I have to wait until fucking Monday to see the next chapter of PLTR szn
66,2020-11-28 01:00:03,synthesis1938,24,"Two possibilities:

1. We're nearing the top of the 2020 Robinhood Bubble

2. Degenerates all over the country realized that options are the best way to gamble, and stock prices will never return to what they used to be

I have no idea what's going to happen"
67,2020-11-27 21:55:13,AccidentalBirth,23,If PLTR tanks I will burn Utica to the ground
68,2020-11-27 23:46:32,justinswagvila,23,Breaking news: Andrew left confirmed terrorist and animal rapist. Please spread the news so others can know to ignore everything he says.
69,2020-11-28 07:12:00,TKMayday,22,"I want to make an Oscar winning movie about investing... but all the actors are gonna be midgets.. trying to SHORT the market.

â€œ Theyâ€™ve been calling us short our entire lives.. maybe itâ€™s time we show them how short we can really get â€œ 


When margin calls, these guys answer 
-	in theaters 2025"
70,2020-11-28 09:31:26,Reasonable_Note,23,My dog passed away this morning :(
71,2020-11-27 22:27:49,PoopDemonExorcist,22,People all about PLTR and donâ€™t notice that SNOW and GME are absolute face ripping money machines
72,2020-11-27 23:31:08,rainythursdays,22,"Got in PLTR at 32.6, proceeded to drop like a brick ğŸ¤¡"
73,2020-11-28 01:03:10,RedditDani,22,Found out my mom had 200k in Amazon in 2003 and sold ğŸ¤£ğŸ”«
74,2020-11-28 04:29:32,None,22,[deleted]
75,2020-11-27 21:13:21,DocBodd,48,Who else loaded up on Black Friday sale PLTR calls end of day?
76,2020-11-28 01:38:44,yearofthebull69,47,"I was in love with this girl for literally 7 years and didnâ€™t tell her. I finally told her one night 2 years ago and she said she felt it too. We dated for a week then she broke it off cause of personal shit. Devastated. Then i meet my current gf a week after that, fall in love, great. Last week first girl texts me saying she made a mistake and loves me. What the fuck man"
77,2020-11-27 21:55:51,Ilikethat_seriously,20,We are going all-in on Tuscon Holdings soon....right?
78,2020-11-27 22:17:47,youreaditfirst,21,**WSB RETARDS LIVES MATTER** WE MUST STAND UP TO CITRON
79,2020-11-27 22:26:36,SeaAdvantage9,20,One of my buddies who works at target said his colleague was talking about buying options. Holy fuck weâ€™re at the top
80,2020-11-27 23:38:08,The_Buttaman,20,A lot of guys need to just begin stacking up a portfolio rather than playing the roulette wheel. Can't be good for your stress levels you'll be bald asf in a year
81,2020-11-28 01:33:51,freddybbb,21,Scared money don't make money.
82,2020-11-28 03:48:49,Throwawaymywoes,22,"How degenerate are we to be spending a fucking Friday night talking about stocks and shit when the market isnâ€™t even open til Monday. This is so fucking retarded I love it.

TUSCAN ğŸ s WE RAID ON MONDAY!"
83,2020-11-28 06:08:51,Swartzcoff,21,Accidentally found an old classmates OF account being advertised... i had math with her in high school. I should comment on one of her skankiest videos and asks if she remembers Ms. Whites math class
84,2020-11-28 07:04:12,nosalute,20,Only ogs on right now
85,2020-11-28 07:40:28,_ziros_,22,Did you guys see that Autist who flipped 50k to 1.8 million on 300 nio calls this year? Dude wonâ€™t cash out and has credit card debt true Autist
86,2020-11-27 22:21:20,SolidProfessional8,19,I need to surround myself with smart and reckless people
87,2020-11-27 22:27:01,fulltimeledge,20,"Can GME get me a PS5, or an early retirement?"
88,2020-11-27 23:46:10,Rajiaa,20,Still holding PLTR leaps until the end of this year. Fuck citron
89,2020-11-28 00:28:50,DocDino_,19,you ever wanna show of your gains to your real life friends but also do not want to hear any questions
90,2020-11-28 03:46:13,dmalvarado,21,"According to this sub, the entire US stock market is composed of one stock, PLTR"
91,2020-11-28 03:55:54,Aphirmative,20,"What is my perfect crime? I break into TSLA at midnight. Do I go for the Teslaquila? No, I go for the Roadster. It's priceless. As I'm taking it out, a woman catches me. She tells me to stop. It's her father's business. She's X Ã† A-12. I say no. Me and Elon make love all night. In the morning, the SEC comes and I escape in one of their uniforms. I tell Elon and my autist friends to meet me in Mexico, but I go to Canada. I don't trust them. Besides, PLTR knew where I was the entire time. Thirty years later, I get a postcard. I have a son and he's the chief of CHASDAQ. This is where the story gets interesting. I tell Elon to meet me at Giga Berlin in Germany. Heâ€™s been waiting for me all these years. Heâ€™s never taken another lover. I don't care. I don't show up. I go to autistland itself, deep in the realm of Reddit. That's where I stashed the roadster.

Moral of the story? PLTR & TSLA to the fucking moon. Free shuttle on Dragon One. Going way up. Way. Up."
92,2020-11-27 21:12:53,StarSwitch,19,The life cycle of WSB begins again. All the smooth brains who bought 0DTE OTM on the newest meme stock got wiped out and finally left. Now the autists who passed the bag will find the next meme stock
93,2020-11-27 22:33:07,Special-Bite,20,So we loading PLTR back up on Monday morning or what?
94,2020-11-28 01:44:54,Disco_Steve_Phd,19,Bought PLTR LEAPs near IPO and they're still up 460%. Citron didn't do shit.
95,2020-11-28 01:57:32,Grrr_Mondays,18,"Sort of curious, who has been on this sub for over a year?"
96,2020-11-28 04:28:20,DarkStar668,20,"Even though I made a lot of money the past 2 weeks, it doesn't feel like nearly enough of a cushion for when they switch back to hard mode"
97,2020-11-28 05:46:38,mikeyt1515,19,"So when I started omg I can make 200 a week, this is life changing! Now I make 3000 in a day and Iâ€™m not that excited! Thatâ€™s why itâ€™s an addiction, need more money to satisfy the addiction"
98,2020-11-28 06:43:22,jz103,19,Reminder to not be upset when a stock dips after having an insane +200% run
99,2020-11-27 22:07:38,nosalute,41,I made 10k today and I'm eating a 10 piece meal from McDonalds  wtf is wrong with my life.
100,2020-11-27 22:31:43,xKhaos420,19,"I was gonna go on pornhub and instinctively wrote PLTR due to how many times I've been spamming and thinking about it

I'm throbbing just thinking about the gains"
101,2020-11-28 00:03:09,Turtlesaur,18,Citron failed to mention their predicted 5:1 split on PLTR. So really they're aiming at $100. Just a miscommunication.
102,2020-11-28 00:36:07,StressPooper,18,I told my wife about my gains (unrealized). I fully expect to get fucked on Monday now.
103,2020-11-28 02:13:57,brbcripwalking,19,"The stock market is not manipulated and there's is zero proof of insider trading. - Citron Research

â“˜ ğšƒğš‘ğš’ğšœ ğšŒğš•ğšŠğš’ğš– ğšŠğš‹ğš˜ğšğš ğš–ğšŠğš›ğš”ğšğš ğš–ğšŠğš—ğš’ğš™ğšğš•ğšŠğšğš’ğš˜ğš— ğšŠğš—ğš ğš’ğš—ğšœğš’ğšğšğš› ğšğš›ğšŠğšğš’ğš—ğš ğš’ğšœ ğšğš’ğšœğš™ğšğšğšğš"
104,2020-11-28 02:35:05,HellOfaUsername,18,Markets will pump again upon Bidenâ€™s 7th victory announcement
105,2020-11-28 03:46:36,WallGamblerTheReturn,18,First to gild me gets the front seat on PLTR rocket taking off at 9:30am Monday
106,2020-11-28 03:51:03,brunette5179,19,"My paycheck comes in Tuesday dropping all $2,500 of it on PTLR calls"
107,2020-11-28 04:27:10,the666briefcase,18,Mfers calm down the market doesnâ€™t open for two days... live your lives... I tell myself as I scroll through this feed
108,2020-11-28 05:28:04,TheJoeyVill,18,talked to my grandma about stocks earlier since sheâ€™s invested in it and likes to do her best to keep up with the market. showed her some of the profitable plays i had this month and she was so proud that i didnâ€™t have the heart to tell her my portfolio is still negative from shit plays in october. i love you nana iâ€™ll climb myself fully out of this hole soon ğŸ˜­
109,2020-11-27 21:07:52,masterinsidious,18,"Whatâ€™s up bulls, 

Can I get a 1.2.3

F THE ğŸŒˆ ğŸ»"
110,2020-11-27 21:27:06,believerforjustice,16,Didn't want to jinx myself by saying this mid week but I finally broke even on my account this week and like 500 away from ath. Options tuition paid off.
111,2020-11-27 21:56:19,bigchillinlat,16,Can we start pumping GME now thx
112,2020-11-27 22:12:45,in_a_rush_for_a_rush,17,If Citron was any good his name would be Andrew Right
113,2020-11-27 22:16:23,yearofthebull69,16,"Boys if youâ€™re worried about your stocks getting short attacked, simply go all in GME. Literally cannot be more shorted"
114,2020-11-27 22:53:45,TobiasFunke9,16,"You know youâ€™re retarded when a group of gambling degenerates can come to unanimous decision on you

#ğŸ‹Research"
115,2020-11-27 23:09:05,Fairwellmundanity,17,On the third day pltr rose again..
116,2020-11-28 00:15:19,nosalute,16,You guys aren't going to believe this but I drove past Andrew Left today. I called him a homo through a megaphone and threw hard boiled eggs at him
117,2020-11-28 02:07:43,steve_pops_01,16,"Imagine if robinhood was around 2008  

Would have been insane"
118,2020-11-28 02:12:37,clarkmu,16,"Let's stop shitting on Citron?

Hear me out - it's reassurance that we've pumped the right stock and there are going to be dips anyway.

Chill and enjoy your weekend!"
119,2020-11-28 02:13:26,HolderofFour,17,Name a better duo than KFC workers and Louie Vuitton belts.
120,2020-11-28 03:15:30,1dayoungj,17,"Bro fuck the other petitions, we need a petition to be allowed to trade stonks 24/7. Yes put them wallstreet broker boys on graveyard shift . I canâ€™t wait till Monday . Iâ€™m coked out ğŸ˜¤ğŸ˜¤ğŸ˜¤ğŸ˜¤"
121,2020-11-28 04:04:40,Jarreddit15,17,I know most of you never leave the daily but thereâ€™s literally a guy right now sitting on $1.75MM of NIO gains [refusing to sell](https://www.reddit.com/r/wallstreetbets/comments/k2dxzh/been_a_wild_ride_this_year_converting_17000/gdtz307/?utm_source=share&utm_medium=ios_app&utm_name=iossmf&context=3)
122,2020-11-28 04:56:44,Disco_Steve_Phd,17,PLTR did not fall! What are you guys talking about? After a 165% run in 1 month PLTR only dropped less than 4% Friday with Citron talking shit. Can't believe how cocky PLTR bears are with that as their victory.
123,2020-11-28 05:34:36,UsernameTaken_123,17,"Anyone else find women with bald heads, muscles, a deep voice and a penis instead of a vagina to be hot?"
124,2020-11-28 06:45:51,nosalute,17,I'm going to bed see ya'll monday
125,2020-11-27 21:20:32,lkjgf1123,59,"1. PLTR is up 50% this week so anyone who is crying like a little puss baby over the -4% because they bought 11/27s can fuck right off. You are stupid.

2. No one gives a fuck about how you couldâ€™ve made x amount of money if you stayed in your position longer.  I see this posted on here everyday and it pisses me off  just fucking exit when you want to exit and forget about it.You are wasting your time dwelling on what could have been."
126,2020-11-27 21:43:09,Alargermongoose,16,When Palantir dipped I bought at 30 and as it kept going down I almost panic sold until I realized it was those dumbasses at citronâ€™s fault and it was actually bullish
127,2020-11-27 22:20:32,TimCooksButtBuddy,15,How did anyone lose money on pltr  thats incredible
128,2020-11-27 23:08:59,Battle-Santa,16,"PLTR with just a 2% pullback

Yeah Iâ€™m fine with that, go fuck yourself citron"
129,2020-11-28 00:10:42,your_mom_loves_me69,17,#EVERYONE PUMP GME
130,2020-11-28 01:47:16,steve_pops_01,15,Anyone get the shakes when markets are closed.
131,2020-11-28 02:59:53,AnonymousAstro,16,"Andrew Left the type of guy to shave, shower and then shit"
132,2020-11-28 03:06:42,karlmoneywu,16,"Weed stocks are gonna go nuts next week, if you're a degen that likes to gamble then why not?   


APHA gang ğŸš€ğŸš€ğŸš€ğŸš€"
133,2020-11-28 03:29:40,br0botic,17,"Just scrolled through another [Reddit post](https://reddit.com/r/AskMen/comments/k1vhb6/how_many_of_you_have_at_least_10k_in_savings/) titled â€œhow many of you have at least 10k in savings?â€

I couldnâ€™t handle everyone circlejerking over how poor they are despite making terrible financial decisions, so I had to come back to wsb ASAP. At least everyone here knows theyâ€™re retarded.

EDIT: added link"
134,2020-11-28 03:47:39,nadoterisback,16,PLTR Total Landscaping
135,2020-11-28 03:47:50,nescko,17,"...



PLTR ğŸš€ğŸŒ—ğŸ’°"
136,2020-11-28 04:42:40,nosalute,15,"22.9k people here but only 2 new comments every minute.

Fuck you CNBC, Motely Fool, Guy Adami, Jim Cramer, Andrew Left, Wall Street Journal, Tina Fey, Cardi B, Mark Cuban I know ya'll lurkin"
137,2020-11-28 05:13:38,dudeitsadell,17,Definitely feel cheated only got 3.5 trading days this week what the fuck
138,2020-11-28 05:36:26,Affectionate_Ad7668,16,GME short squeeze cult member recruiting more cultists
139,2020-11-28 05:50:35,UnholyTrigon,16,Fucked up thing is that people were actually donating money to orphans and food banks from PALANTIR gains until citron came with a hit piece. Itâ€™s like citron doesnâ€™t like seeing the unfortunate get something
140,2020-11-27 21:07:33,SLFSFCNT,15,Fuck Iâ€™m ready for Monday already.
141,2020-11-27 21:43:18,beargangkillyourself,15,Mike Tyson fight tomorrow the year is 2020
142,2020-11-27 22:36:46,firststrike001,16,"Boys, iran tensions or lemon fucks, PLTR rocket will rise."
143,2020-11-27 22:49:29,Landlubber420,14,Hope everyone loaded up on AAPL and AMZN.  We going to Uranus next wk and the next.
144,2020-11-27 23:23:47,Backlight-Bowlclear,15,My local news station is called WSB-TV
145,2020-11-27 23:39:25,Bonerhawk69,15,Imagine all the autists convincing their loved ones over the holidays to buy PLTR this morning ğŸ’€
146,2020-11-27 23:50:11,Throwaway537838,14,Andrew Left farts on the toilet and flushes
147,2020-11-27 23:57:44,AccidentalBirth,14,Andrew Left deducted money from his local foodbank
148,2020-11-27 23:59:47,dudz23,14,Andrew Left listens to Nickelback at the highest possible volume when heâ€™s in the car.
149,2020-11-28 00:03:32,c0nsume0,15,Andrew Left lost his virginity to a cat
150,2020-11-28 00:05:22,Bmats7,14,"OK I have 4000 shares of TCH BBcakes, someone tell me how likely this merger is and what this extension is all about.   


Buy first, ask questions later."
151,2020-11-28 00:12:51,UsernameTaken_123,15,#  Andrew Left is gay
152,2020-11-28 00:17:22,Burnt_toast_2018,15,Andrew Left is the type of guy to open up a Dr Pepper in the grocery store take a drink and then put it back.
153,2020-11-28 01:25:42,kaplanj23,15,"Wife just had a screaming match with my in laws over politics, but I made some good cash on FUBO today so its net positive."
154,2020-11-28 01:58:05,SheeeeetMan,15,My friend has a million dollars in TSLA.  I have $0.  Therefore that fucking stock is going to continue to go up 20% per week in perpetuity.
155,2020-11-28 02:31:17,michaelmfjordan,15,Can you install Robinhood on the ps5?
156,2020-11-28 04:23:53,thegreengrendel,15,"Palantir: â€œif you canâ€™t handle me at my worst you donâ€™t deserve me at my bestâ€

Me: â€œI love you babyâ€"
157,2020-11-28 04:30:09,markalept,15,Anyone else buy LEAPS and then immediately cash out after the first big green day?
158,2020-11-28 04:56:21,DUNKMASTERRR,15,I think all pltr and non-pltr retards can agree. weekends are ghey
159,2020-11-28 05:00:32,HolderofFour,15,Iâ€™m long on McDonaldâ€™s and Johnson & Johnson. Americans getting bigger and bigger and need to apply BENGAY on their sore knees from carrying 300 pounds of McRibs all day.
160,2020-11-28 05:08:04,hftrobo9285,14,"Alright I can't sleep so I'll explain my autistic trading method. I can't post this on other subs, they'll think I'm retarded. I call it churning the tendies method.

Hold a base position in a meme stonk (AMD is my choice due to my Lord and Savior being Mama Su and also the good premiums). Sell weekly premiums and use that to build hedges with 45DTE+ way OTM puts. Buy 45DTE+ calls just $1-$2 OTM. I chose 45DTE to avoid the rapid <30DTE theta decay. Close them out when they go ITM in the first 15 days and close out your hedge-puts. Use the profits to buy SPY shares and accumulate. This allows you to also sell premiums on SPY 3 times a week when you gather 100 shares. Never sell any shares. Use those premiums to YOLO. I personally use it to day trade 0DTE options on SPY or end of day gamma lottos on OPEX days. Rinse and repeat."
161,2020-11-28 05:57:09,UsernameTaken_123,15,Citron did 9/11
162,2020-11-28 06:25:58,letspaintitallblack,14,"Its 2 AM, why am i still up reading the comments like a degenerate... is this addiction?"
163,2020-11-28 06:37:21,ledxi,15,"From Nov 19th - now, Iâ€™m up 974%. Iâ€™m fr about to cry"
164,2020-11-28 08:01:08,HolderofFour,13,"All I know is someone had a family gathering before opening to explain what PLTR was.

â€œLook ma itâ€™s raising! Itâ€™s free money, BUY NOW BEFORE IT HITS 40.â€

â€œHarold quick, he might be on to something!â€

*stock rises a dollar* â€œOH MY GOD HAROLD! We were wrong, our son is a genius. We can buy that house we always wanted!â€

*Little Timmy smirks* â€œItâ€™s only going up! Thatâ€™s what the mathematicians and scientists at WSB are saying.â€

â€œWell, weâ€™re making money so far! I believe that we all have that one moment in life that changes everything. Honey, Iâ€™m putting our entire savings in!â€ *hits buy*

*30 seconds later stock plummets -4%*"
165,2020-11-28 08:08:04,Princeps94,17,"I donâ€™t think Iâ€™ve ever been depressed before until now. I have been homeless, a drug addict with nothing, yet I still didnâ€™t feel sorry for myself. Right now I have a stable job (luckier than most), and I have more money than Iâ€™ve ever had before in my life thanks to you guys. This last year has just been downhill, my job has lost a sense of purpose for me and I have little motivation, no real sense of purpose or drive anymore. I donâ€™t know what I want to do with my life anymore. My girlfriend of 2.5 years made the decision to leave me, I was just so blind that I was steadily losing her. I have never felt so alone in this world before, and I donâ€™t know what to do. My family is scattered all over and right now I live in fucking Alaska, and the 6 hours and decreasing amount of daylight probably isnâ€™t helping. Any recommendations or insight guys? Iâ€™m 26 and I have never felt this way before, I was always full of drive and purpose and life, and now I just feel dead and empty inside. The little joy I get now is really trading (when Iâ€™m making money) and playing the piano."
166,2020-11-27 22:10:46,Verygayrobot,42,If you sold pltr today due to the citron report uninstall your trading app and dont come back
167,2020-11-27 21:13:04,Revolant742,13,"The 10yr moved down 4% after big dumps in metals & ğŸ– coin.

ğŸŒˆ ğŸ» are watching."
168,2020-11-27 22:41:11,Original-Winter3057,14,Found out about sports betting so I finally have a way to get dopamine on Saturdays thank god
169,2020-11-27 22:53:11,tomtom6400,14,Fuck Citron. I hope pltr and nio gangbang them next week
170,2020-11-27 22:53:21,junior6789,15,"Tuscan Raider ğŸ is literally free money, easily +50% if you get in now.

Ofc I expect most of you addicts to go buy TSLA 70P FDâ€™s like that one retard a week ago, but if you like money ğŸğŸš€ğŸğŸš€ğŸğŸš€"
171,2020-11-27 22:58:20,dudeitsadell,14,"bought a tesla with my tesla gains, bought a peloton with my peloton gains. WTF do i buy with my PLTR gains"
172,2020-11-27 23:12:33,justinswagvila,15,Is that it? Is that all you can conjure Citron?
173,2020-11-27 23:13:17,MangoManYummy,15,Taking my anger and aggression out of Citron for hurting my baby PLTR on chest day.
174,2020-11-28 00:09:43,__Lorde,15,Sincere lack of GME pump in this thread
175,2020-11-28 00:11:07,bangarangbonanza,13,Andrew left waits till after heâ€™s showered to take a messy shit
176,2020-11-28 00:15:10,GiveNgett,14,"I was on an airplane and some baby was crying his lungs out. Everyone on the plane was miserable, I stood up to see what was going on; turns out it was Andrew left, red faced and out of breath. I asked "" What the hell are you doing?"" He replied, "" Im researching"""
177,2020-11-28 00:18:13,Theuncommonone_,13,Andrew left wears socks with his crocs
178,2020-11-28 00:38:28,smallstreetgains,15,"#Trending Tickers

Ticker|Mentions|Bulls|Neutral|Bears|Price|Change|P/E     
:--|:--|:--|:--|:--|:--|:--|:--                                                                         
PLTR|14175|35.86%|54.90%|9.24%|$27.66|-4.78%|-
GME|1641|30.79%|58.09%|11.12%|$16.08|9.02%|-
TSLA|1491|27.94%|62.80%|9.25%|$585.76|2.05%|-
NIO|1386|23.84%|68.12%|8.04%|$54.00|0.58%|-
Apex|1156|30.38%|66.15%|3.47%|$14.20|29.21%|-
CRSR|833|31.38%|62.02%|6.60%|$38.77|-9.42%|-
SPY|487|20.55%|58.28%|21.17%|$363.67|0.28%|-
THCğŸ|399|15.67%|73.51%|10.82%|$32.88|0.98%|-
BABA|301|29.53%|66.11%|4.36%|$276.48|-0.45%|52.11        
APHA|271|38.85%|58.85%|2.31%|$7.73|10.27%|-
ACB|260|29.84%|62.90%|7.26%|$10.47|20.21%|-
NET|256|8.71%|88.02%|3.27%|$74.76|6.82%|-
H|244|0.03%|99.96%|0.01%|$73.53|0.26%|9.59
W|222|0.03%|99.96%|0.01%|$260.68|4.04%|-
GOLD|216|15.41%|79.32%|5.26%|$22.69|-0.61%|-


#Trending Contracts

Ticker|Strike|Type|Date|Mentions
:--|:--|:--|:--|:--
PLTR|$40|CALL|12/4|30
PLTR|$35|CALL|12/4|12
PLTR|$30|CALL|11/27|10
PLTR|$30|CALL|12/4|9
PLTR|$40|CALL|1/15|8
PLTR|$40|CALL|12/31|8
PLTR|$40|CALL|11/27|8
PLTR|$35|CALL|12/18|7
GME|$30|CALL|4/16|6
TSLA|$650|CALL|12/11|6
PLTR|$40|CALL|12/11|6
PLTR|$29|CALL|12/4|5
TSLA|$565|CALL|12/4|5
PLTR|$30|CALL|12/18|4
PLTR|$40|CALL|12/24|4
PLTR|$40|CALL|12/18|4
PLTR|$40|CALL|12/04|4
TSLA|$600|CALL|11/27|4
GME|$20|CALL|12/4|4
PLTR|$35|CALL|12/31|3


#Other Information

Subreddits Searched: wallstreetbets, investing, stocks, stockmarket, options, robinhood

Comments Searched: 96188

Unique Tickers: 693

Total Tickers: 39781

Unique Contracts: 390

Total Contracts: 598

Time Period: 20h

Financial data provided by [Vhinny](https://www.vhinny.com/).

View daily trending tickers on r/RedditTickers."
179,2020-11-28 00:50:07,beargangkillyourself,15,I'm just gonna say it. Being a bear in a bull market is irresponsible.
180,2020-11-28 01:17:11,dontevenstartthat,14,Man I really gotta start setting stop limits and not hold things from +800% all the way down to expired worthless
181,2020-11-28 01:19:39,ivegottheshits,14,"I nearly throw up everytime in my mouth when Iâ€™m talking to someone about trading, and they say â€œoh i trade too!â€ And im like â€œyou do?â€ And they say â€œyeah bro i have like 200$ i spent on a stock like two years ago and havent looked at my account sinceâ€"
182,2020-11-28 01:27:43,afishnsea,14,"I'm ball deep in a bad ğŸitch, and ooo she thicc"
183,2020-11-28 01:31:04,Verygayrobot,13,"Ok so a literal scientist who studies vaccines comes on here earlier this week and basically writes what reads like a dissertation on why we should buy calls on Novavax because it its the best vaccine and will win over the others, so I buy calls the same day. The next day it goes up 2%, im up slightly in my calls, get nervous and close out my position because pharma companies are so volatile. Literally today it skyrocketed  22.50%, my calls would have been up 6x. I feel like i want to quit trading now i have toilet paper hands. Why am I like this"
184,2020-11-28 02:06:08,masterchris,14,"If I donâ€™t get rich off this shit idk how Iâ€™m supposed to work retail for 38 more years.

NIO 4 life, pltr because I trusted you dumbasses"
185,2020-11-28 02:42:37,anonmudkip,13,"
canâ€™t get over the fact that you salty mfers made a change.org petition to investigate Citron lul."
186,2020-11-28 02:51:49,nosalute,14,"~~Watch youtube videos~~

~~Jack off~~

~~Play call of duty~~

~~Take a shower~~

~~Eat something~~

~~Play basketball with myself~~

~~jack off~~

~~Finish 50 piece puzzle~~

I've done everything I wanted to do for the weekend is it Monday yet?"
187,2020-11-28 03:13:37,undecidedmarketmaker,14,This is the last no-holds-barred autism friendly community I know of. Thanks friends.
188,2020-11-28 05:11:39,indigoismyfavourite,15,ANyone else just tell their trading platform they had years of options trading experince so they could trade options?
189,2020-11-28 05:47:27,TKMayday,14,"Just finished The Wolf of Wallstreet, gonna stop by Robinhood and grab something. You guys want anything?"
190,2020-11-28 06:18:50,AnonymousAstro,15,Fuck I am so high and Iâ€™m just watching the NASA earth walking feed live on YouTube. Itâ€™s unreal
191,2020-11-27 21:19:18,gmcarve,30,"Be me  

FOMO into PLTR 1DTE at close yesterday  

Wake up to +300% gains  

***** *nice* ****

Diamond hands to Zero

< *shocked pikachu face* >

Repeat with weeklies for next week"
192,2020-11-27 21:37:06,HellOfaUsername,29,"My wife is ordering Thai food and watching a rom-com with her boyfriend tonight 

PLTR $32 by open"
193,2020-11-27 22:26:09,PopcornGeorge,30,If you got a bunch of shares of THC ğŸ gimme a hell yeah!
194,2020-11-28 01:07:52,HookersForDahl2017,63,"#HOLY SHIT YOU GUYS MIGHT HAVE DONE IT!!!! Just saw this on Twitter.

Yahoo Finance: The SEC is reportedly investigating Citron Research head Andrew Left after reports nerds on a social media site got mad they lost money after chasing a high IV option that had a massive run up."
195,2020-11-27 21:45:42,AsaKurai,12,"I havent seen this sub bombarded with meme stock posts like the ones i've seen for PLTR in a while, which means this stock will be forced to moon or there will be hell to pay"
196,2020-11-27 21:58:33,APUdad,15,"The same people with 1k in PLTR are the same ones panic selling out. Stop having a limp dick, 5% means nothing in the long run of this."
197,2020-11-27 22:12:08,iguy23,14,**CRAMMER IS STROKING HIS LITTLE LIMP COCK DICK TO YOU PTLR LOSSES**
198,2020-11-27 22:13:54,MangoManYummy,13,I canâ€™t believe I lost so much on Pltr. Gonna drink tonight...
199,2020-11-27 22:34:12,eagreeyes,13,"**$DMYT** is a SPAC that is imminently merging with Rush Street Interactive, the largest online casino in the United States. If DraftKings was a good play, RSI is a better one. Q32020 rev was $78 million, up from $17 million Q32019. Revenue growth of 370% with only an 87% increase in marketing spend. Lastly, the guy running the SPAC  Niccolo de Masi knows how to make mobile addicting. It's his thing.

**$NOVS** is a SPAC that is merging with AppHarvest, an indoor farming company. AppHarvest's Board looks fantastic - Martha Stewart, JD Vance, David Lee, etc. They've also gotten a ton of media coverage because their first operational farm is in Appalachia as part of a ""bringing green jobs to economically depressed areas"" pitch. The SPAC takes care of the biggest roadblock to indoor farming - upfront capital costs. That out of the way it's looking to be really viable and they have 7 more farms in the pipeline."
200,2020-11-27 22:55:47,ts23_,13,lmao citron? more like shitwrongâ€¼ï¸ ğŸ˜‚ğŸ˜‚ğŸ˜‚ğŸ˜‚ğŸ˜‚ğŸ¤£ğŸ¤£ğŸ¤£ğŸ¤£ğŸš€ğŸš€ğŸš€ğŸš€ğŸš€ğŸš€ğŸš€ğŸš€ğŸš€
201,2020-11-27 23:15:55,thehope12345,14,I only got into gambling 4 months ago and I realized how boring my life was before. Open markets on weekends too pls thx
202,2020-11-27 23:17:10,Poopandpeel,14,Anybody else have terrible insomnia from trading? Swear I havenâ€™t gotten a restful sleep in 3 weeks.
203,2020-11-27 23:25:23,LeWarrenBuffet,14,Once Monday cometh all the WSB goons gonna rise up and smoke that citron pack fuck that nerd PLTR TO THE MOON ğŸš€ğŸš€ğŸš€
204,2020-11-27 23:37:12,SoullessArt,13,"Everyone hating on citron but this is good bc now we buy the dip knowing it wonâ€™t crash. Citron has always been wrong, next week we bounce back!"
205,2020-11-27 23:55:22,RAGE_CAKES,13,"*Andrew Left wakes up in the middle of the night*

*Finds decapitated bear head in his bed*

*Note simply says PLTR*

*Signed WSB Bulls*"
206,2020-11-28 00:05:53,runthisfade,12,ğŸgang beware that next week vote is to extend deadline which can lead to people getting cold feet and selling
207,2020-11-28 00:09:14,Tbonepermabull,13,Andrew Left is the kind of dude to blame his farts on the dog.
208,2020-11-28 00:10:36,EnginrA,13,"They thought PLTR being down today would knock us off our game, cause us to doubt it; meanwhile itâ€™s just made us stronger - PLTR 12/4 40c Gang"
209,2020-11-28 00:43:40,SurgeonLoki,14,Plot twist: the retard who said heâ€™s gonna eat his shit begged citron for the dump
210,2020-11-28 01:02:22,kzpz_z,13,"Once the instagram thots are talking about stocks its time to sell out, theyre the new shoe shine boys."
211,2020-11-28 01:34:36,sftmp,12,GME $20 next week?
212,2020-11-28 01:54:29,WallGamblerTheReturn,12,THC ğŸ APEâŒ Master race
213,2020-11-28 03:30:41,shrewer_,13,this sub is much better at meming stonks than 2000s boiler forums
214,2020-11-28 04:02:04,Skulldrey,12,"I'm done fighting the zeitgeist. Next time you dimwits start calling a meme stock, I'm going for it. I missed the train on NIO and PLTR. Not happening again."
215,2020-11-28 04:17:03,Mzavack,14,Citron shorting PLTR is good for PLTR.
216,2020-11-28 04:24:56,Ricketycrick,14,"THC ğŸ gonna do 25% next week. Bought 25k worth of stock and itâ€™ll
complement my PLTR gains nicely"
217,2020-11-28 05:08:56,jay4281,13,"PLTR go brrrrr ğŸš€ğŸš€
Bear r fuk
Now give me my upvotes"
218,2020-11-28 05:26:08,febreze_brothers,13,Following the markets and browsing this sub has eroded what little attention span I had left
219,2020-11-28 05:29:35,yushey1,14,Time to watch the big short for the 50th time
220,2020-11-28 05:53:44,nosalute,14,this thread really shows how much of a loser you are on the weekends ğŸ˜
221,2020-11-28 05:53:46,47trill,13,Citron wants to bring back slaves
222,2020-11-28 06:28:29,ejohns19,13,THiC ğŸ
223,2020-11-28 06:44:42,fawkesmulder,13,"Just saw wolf of wallstreet again, itâ€™s a meme goldmine, good lord. Brilliant movie in its own right. 

Saw many used templates but many fresh opportunities too."
224,2020-11-28 07:16:03,Myweedalt,13,"Pay attention Wednesday.

House to vote on booting Chinese stocks from US over audit rules"
225,2020-11-27 21:09:08,Reckstar,12,CITRON is SHIT!
226,2020-11-27 21:12:09,SECSpy772,12,APEX TO THE FUCKIN MOON
227,2020-11-27 21:26:47,SeaAdvantage9,12,Guys Iâ€™ve fucking figured out citrons bullshit. Heâ€™s called Adam LEFT because heâ€™s never fucking RIGHT
228,2020-11-27 21:27:17,AikiYun,12,"PLTR is falling!! I've lost $70 today. Oh noooo....



Anyways!! Let's make up some gains next week!"
229,2020-11-27 21:28:02,tummyfat,13,I thought yesterday was Sunday. Illegal to have so many holidays
230,2020-11-27 21:32:19,beargangkillyourself,12,"A toast, to bulls!

FUCK PUTS

FUCK SHORT SELLERS 

AND FUCK BEAR GANG!"
231,2020-11-27 21:38:33,Throwawaymywoes,12,"Andrew Left, that no-chin having bastard! ğŸ˜¡ğŸ˜¡ğŸ˜¡"
232,2020-11-27 21:39:06,bobbobbobbobbob33333,13,PLTR is under attack by the micropeen boomers. We need to double down and buy a shit ton to short-squeeze every last penny out of those greedy hedge fundsğŸ˜¡
233,2020-11-27 21:48:37,ArUaArugula,12,Hope ya'll didn't let shitron convince you to sell your calls. Reminds me of the NIO fiasco. fuckers.
234,2020-11-27 21:54:56,g4858364957,12,"https://sayersresearch.com/    

Released a GME research report about 20 minutes ago, PT of $30"
235,2020-11-27 22:44:20,bigbawlsman,12,Imagine being the CFO of PLTR monitoring wsb 24/7
236,2020-11-27 22:57:01,turbo_powered,13,CRSR bulls: *Sad mechanical keyboard sounds*
237,2020-11-27 23:02:12,LUV2FUKMARRIEDMILFS,11,"THERE ARE STORIES about heroâ€™s 

And how they became great 

They all had one thing in common 

Shares of PLTR$ in there portfolio

It AINT over 

Actually we are just getting FOOKIN started mate 

âœ¨ğŸ”¥âœ¨ğŸ”¥âœ¨ğŸ”¥âœ¨ğŸ”¥âœ¨ğŸ”¥"
238,2020-11-27 23:10:58,sidewalks-,12,"I'm in THC-B, APEX, and LGVW

I have a spac addiction"
239,2020-11-27 23:48:55,westtownie,12,Not sure giving family members investment advice on meme stocks is a great idea
240,2020-11-27 23:53:40,PencilChant,11,"Who else is balls deep in NIO, PLTR, and CRSR calls ready to get 5 baggers next week"
241,2020-11-28 00:12:28,fatbackcrackhat,13,Andrew left jacks off to paint drying
242,2020-11-28 00:19:30,Kmactothemac,11,"Since I donated some of my gains to a food bank on Wednesday, I've been having incredible luck gambling. Won about 100 yesterday on the NFL games and today I meant to bet $10 that Notre Dame would win by 14+, accidentally bet 100 without noticing, so I won $280. Karma is real, gonna keep donating I guess"
243,2020-11-28 00:19:56,Hegemon90,13,Seeing as many Andrew Left messages as PLTR before today lol
244,2020-11-28 00:33:14,Throwawayeconboi,12,"IVE BEEN ON WSB FOR SO LONG


AND I CAN NEVER POST


I HAVE FUNNY MEME. MOD REMOVE INSTANTLY.


IM TIRED. ITS SO HARD TO POST ON THIS SUBREDDIT. MEANWHILE 1 MONTH OLD ACCOUNTS POST THEIR GAINS AND ITS NOT DELETED. WHAT.


ALL I HAVE IS COMMENT KARMA FROM DISCUSSION THREADS. NO POST KARMA."
245,2020-11-28 00:39:06,Serious-Detective849,12,This four day weekend is boring. Iâ€™m off and stonks arenâ€™t open. What am I gonna do? Watch paint dry?
246,2020-11-28 00:50:11,Zenjpeg,12,THiC Baybee!
247,2020-11-28 00:52:04,hftrobo9285,11,Man I need to get a dog ğŸ˜“
248,2020-11-28 01:15:48,PencilChant,11,Fuck these past 2 days have been gay. Need it to be Monday rn
249,2020-11-28 02:24:59,HolderofFour,12,There was a guy here earlier who said his entire 401K was in Nike.
250,2020-11-28 03:53:59,brunette5179,13,Bout to drop acid and look at the market to see if that shit moves right now
251,2020-11-28 04:28:30,Dadbat69,12,"Thick Bee, is how I read it"
252,2020-11-28 04:36:50,kortokrizzle,12,Real talk tho ... my hair is thinning a bit on the sides. Horseshoe pattern forming on my scalp. Damn you Pop Pop and your powerful genes. R.I.P. tho.
253,2020-11-28 05:22:27,nosalute,12,"Whats your pre-trading ritual?

I literally wake up 2 minutes before market open all kinds of fucked up."
254,2020-11-28 05:43:02,nosalute,12,I like how its just 5 people talking on here
255,2020-11-28 06:05:46,fairenbalanced,12,"Was wallstreetbets always a place to promote (shill for) dodgy or unknown stocks, or has it recently become one?"
256,2020-11-28 06:11:18,UsernameTaken_123,13,PLTR up +30% on Mars
257,2020-11-28 06:23:04,ComputerTE1996,12,`I am a retard`
258,2020-11-28 06:25:08,WSB_GayRightActivist,12,Elonâ€™s addicted to creampies heâ€™s got 7 kids and heâ€™s probably not done yet
259,2020-11-28 06:52:01,v-shizzle,12,T-H-C-B gang where you at? 1600 shares loaded for next weeks run. selling wed afternoon before the thursday vote because its gonna be like an ER play
260,2020-11-28 08:00:50,ivegottheshits,12,"Im seeing so many parties on my snapchat and instagram of like 30+ heads, house parties, all sharing the same bottle with lips and shit. While my ass has been staying home for the last 9 months. Load up on COVD calls boys"
261,2020-11-28 09:21:31,000Kurpitsa000,14,"So quiet in here.

Everybody lost their money or died from rona"
262,2020-11-27 21:10:45,YeezyReseller,23,ALL IN NIO $60 NEXT WEEK
263,2020-11-27 21:19:33,nicholask1993,28,P ğŸš€ L ğŸš€ T ğŸš€ R
264,2020-11-27 21:36:16,CMac681,23,"If you see Andrew Left or ANY of his associates out at a restaurant, at a department store, at a gasoline station..

You get out and you create a crowd!

And you push back on them, tell them they are not welcome anymore, anywhere!"
265,2020-11-27 22:22:58,nosalute,23,"Citron DD was literally

PLTR just prints money and I didnt get in so my PT is 20."
266,2020-11-27 22:24:55,TobiasFunke9,24,Upvote if Andrew Left is more retarded than you!
267,2020-11-28 00:06:00,Chasey1029,22,Reminder: THCğŸ…±ï¸ ğŸš€ğŸš€
268,2020-11-28 00:25:38,BaphometHorns,24,"About to hang out with a new girl tonight at my house, do I try to convince her to buy PLTR on monday after i make her sign up for Robinhood?"
269,2020-11-28 01:18:06,orockers,26,Andrew Left tucks his penis behind his thighs and dances to â€œGoodbye Horsesâ€ in the mirror
270,2020-11-28 07:14:09,acoupleoftravels,27,"You know how I know we've peaked? Like literally standing on our toes at the top of the mountain? 

That fucking retard genius making 2mil on NIO won't pull put cause ""worst case I think it'll drop to $30"" after the stock was at $1 last year, $2 in March and up 2000% since. 

FAANG stocks are floating on thinnest volumes ever. Like Google moving big on less than 1k volume per 15min intervals.

You dipshits going full autismo and only know how to say PLTR now. Never go full autismo btw. 

Fear greed at 92, higher than pre corona crash. 

Put call ratio 70 fucking percent.

Jim cramer about to long ROPE

every bear dead or downvoted to oblivion 

You diptards need a support group thread for PLTR dropping $8 - why not just BTFD retards

Oh yeah and the whole fucking world recession incoming, politics, lockdown, new president, old president coup, pandemic, evictions, the list fucking goes on forever

Anyhoo, spy $371 12/4 calls"
271,2020-11-28 01:28:11,BuffettGOAT,22,Man I was looking forward to some loss porn but that bitch deleted his PLTR post. He said he would put in 200k with 1k upvotes into shares and 200k with 10k upvotes into calls and he pussied out (or was just trying to pump his positions). Either way he's a bitch.
272,2020-11-28 01:53:11,SuckMyVickNoRomo,24,"Lol the Fremont Tesla factory is flooded because a dumbass forklift driver hit a fire sprinkler driving where he shouldnâ€™t have and they told us to go back to work.    

TSLA 12/4 900c"
273,2020-11-28 02:18:06,HolderofFour,24,"Do Chick-fil-A workers snort cocaine before taking orders? Iâ€™ve never seen fast food workers so happy and excited to see me. Compare that to Subway, when you walk in they start sighing â€œah shit here we go again, look at this goofy looking mother fucker, make sure to pickup that bread off the floor so the customer doesnâ€™t call corporate.â€"
274,2020-11-27 21:34:41,RandyCrane17,11,"Even though it's the weekend discussion, still need to give you a reminder that i hate RKT."
275,2020-11-27 22:05:06,yushey1,11,Can't believe FOMO actually worked. I bought 10 x 12/4 35c for 3.13 each at open. 2 mins later I sold for $1070 profit for 4.2 each
276,2020-11-27 22:26:03,Ocean_of_Robbers,11,I love reading all the responses to Cintronâ€™s tweet. You can tell whoâ€™s WSB gang
277,2020-11-27 22:30:27,v-shizzle,10,Selling T-H-C-B when its over $20 next week and buying RKT shares (200% of account with margin)
278,2020-11-27 23:00:57,Jpatrickj,10,Weâ€™re all gangsta until mirrors by JT comes on
279,2020-11-27 23:09:27,Jpatrickj,11,>!8===D congrats ur now gay!<
280,2020-11-27 23:11:42,t3amkill,10,IM IN LOVE WIT DA thiccbee
281,2020-11-27 23:26:24,Stonksradamus,10,"Nasdaq has broke out of consolidation. Central Bank balance sheet getting higher and higher.

You think youâ€™ve seen a bull market? The next few years are going to obliterate our understanding of market valuation. SPY 400 by January the latest."
282,2020-11-27 23:34:51,MangoManYummy,10,*MODS* if PLTR goes to $38-40 by Friday I will tattoo WSB on my body.
283,2020-11-27 23:37:30,ts23_,11,"[Citron Research | For Immediate Release - October 4th, 2017](https://citronresearch.com/citron-exposes-the-dark-side-of-shopify/)

>â€THE HOTTEST STOCK ON THE NYSE IS â€¦ A COMPLETELY ILLEGAL GET-RICH-QUICK SCHEME (WITH A GOOD SOFTWARE PLATFORM)â€

> â€œShopify Immediate Price Target- $60- and that is before they are caught red handed by the FTCâ€"
284,2020-11-27 23:41:48,btoned,11,"Andrew Left, 1 man, makes tweet...stonk falls

WSB, sub with ~40k active commenters, post nonstop...stonk pumps

ğŸ‘"
285,2020-11-28 00:10:50,dudz23,12,Andrew left orders a cheeseburger when he goes to a Mexican restaurant.
286,2020-11-28 00:15:04,SaltyKrew,11,Andrew Left is a terrorist to America
287,2020-11-28 00:19:06,Mpcars,11,"My portfolio fell Friday, underperforms market."
288,2020-11-28 00:24:10,Jpatrickj,11,Who tf wipes towards the balls
289,2020-11-28 00:37:20,DingleberryBlaster69,12,WSB is now an emotional support group
290,2020-11-28 00:43:46,WhySoSerious37,9,"Just bought a Peloton with these tendies I made from Tesla. Investing in my health so I can live longer and keep making tendies. 

Long PTON"
291,2020-11-28 00:47:57,DustyBowls,11,"Once a latina does the dance of the Aztec goddess on your **dink**, it's all **over.**"
292,2020-11-28 00:54:52,SourceCodeSeller,10,"i had an old ass option i bought that was worth 500$ today. i forgot markets closed early.

so it expired worthless because i didnt cash out the call and didnt have enough money to get the shares.

rip"
293,2020-11-28 01:04:02,g4858364957,10,GME is gonna moon hard next week
294,2020-11-28 01:04:10,DTisLOVE,11,"APâŒâœï¸ mooned AHs, warrants up 21% 

ğŸš€ğŸš€ğŸš€ğŸš€ğŸš€ğŸš€"
295,2020-11-28 01:16:57,Electrical_Spite_477,12,"Greetings fellow retarded autÃ­stics, my name is Jim C... no that's too obvious , call me J. Cramer. I was wondering what the next stock pump will be so I can talk about it on my show Monday and look smart?

Signed, Anonymous Redditor"
296,2020-11-28 01:40:51,zerozeronada,10,"If you ainâ€™t investing in THC ğŸ, you ainâ€™t black!!"
297,2020-11-28 01:49:12,StressPooper,13,I had two coworkers ask me this week about investing in EV stocks. They could both be classified as low info retard investors. Either this is the top or the real dumb money is about to enter the market.
298,2020-11-28 02:04:50,bigkev2569,11,PSTH gang where u at?
299,2020-11-28 02:30:08,ivegottheshits,13,"Anyone hit cabin fever yet during this 9 months of quarantine, jesus christ lately past few days Iâ€™ve been waking up and feeling like I got hit by a train. Feeling so bored everyday staying home. Even if Iâ€™m up by $4000 for the day lol."
300,2020-11-28 03:02:15,ElonsNumba1Bitch,11,Lowkey what keeps me in the game isnt the tendies. Its the roller coaster ride of wondering if my plays will hit. I get half chubbed when something prints. The numbers are a game. The higher i get the more i can yolo to increase my score
301,2020-11-28 03:12:28,foofuckingbar,11,"Citron taught me a lession in NIO class?
Les go PLTR 50$ end of week ğŸš€ğŸš€ğŸš€ğŸš€"
302,2020-11-28 03:13:35,TrumpsOldGardener,11,"How awesome is this place going to be when you morons iron hand  pltr to -80%. Canâ€™t wait for the retard porn. Canâ€™t decide whatâ€™s better, the IRS audits from morons not knowing how taxes work or the inevitable oss porn bonanza."
303,2020-11-28 03:44:15,GucciManeSprayTan,12,Give me a porn ETF already
304,2020-11-28 03:52:57,ambermage,10, We should be quiet about PLTR until Monday so the algos think we hit bottom already.
305,2020-11-28 04:09:11,dweeegs,11,"I've never made money on SPY options

I've never made money on other ones, but I've also never made money on SPY options"
306,2020-11-28 04:21:30,orockers,11,Is it weird to just lay around the house with your hand in your pants fondling your balls?  I find it very warm and comfortingâ€”not a sexual thing at all but my roommate gets uncomfortable.
307,2020-11-28 04:27:10,GatoAmarillo,11,"PSA: You can buy a gallon of movie theatre [popcorn butter](https://www.amazon.com/Snappy-Popcorn-Butter-Burst-gallon/dp/B00AXK9ROC/ref=sr_1_10?dchild=1&keywords=butter+orville&qid=1606537489&s=grocery&sr=1-10) for just $18.17 and it's not even on sale

i did the math and it has 30,720 calories"
308,2020-11-28 04:41:04,horny131313,12,"Imagine caring about a measly 50% gain on PLTR when you could literally get a 10,000% gain from a gme short squeeze."
309,2020-11-28 04:52:55,Throwawayeconboi,10,"My portfolio value just had a Black Friday deal today, 75% slashed off. Quite the door buster..."
310,2020-11-28 04:55:27,nosalute,10,Imagine having 5 digits in your robinhood portfolio
311,2020-11-28 05:17:07,None,11,[deleted]
312,2020-11-28 05:22:27,steve_pops_01,11,NIO next week  ğŸš€  ğŸš€  ğŸš€
313,2020-11-28 06:04:29,Throwawayeconboi,10,"I hate Pelosi but we cannot deny shes the Bull Gang general. I mean, 3 fucking trillion? She was on coke the whole summer and I love it ğŸ¤£ğŸ¤£ğŸ¤£"
314,2020-11-28 06:37:46,Ok-Needleworker1766,12,Can it be Monday already? God dammit
315,2020-11-28 06:49:57,CMac681,10,Bout to take a baddie home. Think sheâ€™s in the bathroom taking a fat shit ğŸ¤¤
316,2020-11-28 08:12:11,BaphometHorns,10,I canâ€™t wait for how much PLTR is going to go up on monday in spite of what happened friday.
317,2020-11-28 09:36:55,Green_Rocket,12,This feels like August. You throw money at nearly any ticker and it throws more money back at you. The question is... when's the next 3 September?
318,2020-11-27 21:14:17,DabHits,33,# PLTR TO MARS ON MONDAYğŸš€
319,2020-11-28 00:38:09,staringintothevoid,34,"PLTR is not a meme stock IMO. Just doing some research earlier and in 2010 there was a press conference held at the White House announcing the success of fighting fraud in the stimulus. VP Joe Biden credited the success to the software, Palantir, being deployed by the federal government. He also announced that the capability would be deployed at other government agencies, starting with Medicare and Medicaid. Guess who is now the president of the United States? PLTR is not some penny stock pump and dump and I'm not sure most of this sub realizes what they are drilling into and it's future potential for long term growth."
320,2020-11-27 21:18:50,notmyrealaccountlad,22,"THCğŸ…± lock and loaded for a sail to $20.00.
PLTR on track to hit $40.00 next week"
321,2020-11-27 21:21:37,HellOfaUsername,21,Maybe the real tendies were the friendships made along the way
322,2020-11-27 22:54:12,Hawkpro,20,"Down 30k. No girl, going broke. Have about 8k left. In quarantine. Getting old.  It going south fast for me."
323,2020-11-27 23:00:44,neuromans,21,ğŸš€ Confirm ğŸš€ my ğŸš€ bias ğŸš€ PLTR ğŸš€
324,2020-11-27 21:07:53,anonamouse321123,10,What do people actually do on the weekends I need some more tendies
325,2020-11-27 21:18:47,CMac681,9,I thought working out would help me calm down but I STILL FUCKING HATE SMOL PP ANDREW LEFTIST ğŸ˜ ğŸ˜¡ğŸ¤¬
326,2020-11-27 21:21:45,justseeyoutonight,10,The Nikkei 225 closed at its first record high in 29 years holy shit
327,2020-11-27 21:25:26,brunette5179,10,Is the market open yet??? What the fuck am I supposed to do with my life for 2 days
328,2020-11-27 21:31:30,HellOfaUsername,10,Who remembers the good olâ€™ days when AMD was the talk of the town around here
329,2020-11-27 21:37:01,brunette5179,10,LGVW pls go back up
330,2020-11-27 21:42:47,the_welfare_store,11,"I know everybody is beating off to PLTR gains, but CMPS will be December's PLTR. Peter Thiel is shilling it like crazy and he is going to pump it with his PLTR gains."
331,2020-11-27 21:55:08,hftrobo9285,10,"I feel like these classic old school WSB plays are being overshadowed. Here is my autistic trade of the day:

0DTE SPY 363 Straddle:

+110% on the put leg closed out at 12:30

+50% on the call leg closed out at 12:59"
332,2020-11-27 22:11:24,tugjobterry,9,"I love how after all that happened today, pltr bulls just turned into angry pltr bulls. 50 eoy"
333,2020-11-27 22:14:17,robsaget69,10,WSB stock screener: is it $10 and does it have a cool name = full YOLO
334,2020-11-27 22:16:57,aidsfordays,11,Citron?? more like Citwrong ğŸ˜
335,2020-11-27 22:21:32,BuyNioNow,11,I burned down my lemon tree today
336,2020-11-27 22:23:29,Repulsive_Bug,11,I need corsair to bounce back next week ğŸ¥ºğŸ˜©
337,2020-11-27 22:30:26,Mo1459,10,You gay bears spend all year losing money to catch 3 dips lol. Idiots ğŸ¤¦ğŸ½â€â™‚ï¸
338,2020-11-27 22:32:22,jonmarcus,9,GME $20c 12/4 if you want some easy money
339,2020-11-27 22:34:31,FUCKYOURFD-0DTE-HIV,10,I got three 0's in my bank account
340,2020-11-27 22:45:10,papa_nurgel,9,Learned a lesson today. Always sell  your fd if there is a big pop at open the day they expire.
341,2020-11-27 22:51:55,Nightdocks,10,"So, in my previous comment I asked this but I took the liberty to pull up the articles

Citron gave NIO a price target of $25 on November 13th, effectively shorting the stock by almost 50% of the price at that time

https://mobile.reuters.com/article/amp/idUSKBN27T2F9

Now, almost a week ago, JP Morgan said that their price target is 50 

https://cntechpost.com/2020/11/21/jp-morgan-raises-nio-price-target-to-50-explains-valuation/

I really wouldnâ€™t be surprised if we wake up on Monday with an upgrade before the opening bell for PLTR. Time will tell if WSB will live to see another day on this casino"
342,2020-11-27 23:09:05,IveLurkedWSB2long,11,"Just know, the amount of hate this sub gets just makes me love each and every one of you autists that much more.

Tesla to the moon ğŸš€ğŸš€ğŸš€ğŸš€ğŸ›°ğŸ›°ğŸ›°ğŸ›¸ğŸ›¸ğŸ›¸"
343,2020-11-27 23:10:10,DaRepo,9,"If you're butthurt about Citron, you probably bought at the top on Wednesday and have weak hands. With IVs like this you're not making bigly gains unless PLTR hits 40+ anyways. Stfu, double down or STFU"
344,2020-11-27 23:10:52,mczyk,9,GME - time to make history boys
345,2020-11-27 23:24:46,MP1182,10,Andrew Left is the kind of guy who fucks fat girls and brags about it to his friends
346,2020-11-27 23:34:20,michaelmfjordan,10,My biggest weed customer caught covid and won't be buying for a few weeks... My favorite tinder got it too... I need game stop and pltr to rocket up to balance out my oncoming depression spell
347,2020-11-27 23:48:09,Randomness898,11,I see new traders freely using the word gamma squeeze now without even knowing what it means.  I like it.
348,2020-11-28 00:01:44,wallstreetarcher,11,GME is going to $20 next week.  Change my mind.
349,2020-11-28 00:02:49,Plastic-Cow-4820,9,Andrew Left shaves his legs
350,2020-11-28 00:17:21,AccidentalBirth,10,Andrew Left doesn't neuter his pets
351,2020-11-28 00:20:35,UpperclassmanKuno,10,Andrew Left believes that Epstein did kill himself.
352,2020-11-28 00:21:58,tacc1132,10,God itâ€™s so cringe when Graham Stephan talks about WSB or uses WSB terminology. This guy doesnâ€™t have testes big enough to own an options contract with less than 700 days til expiration.
353,2020-11-28 00:25:10,RangerMoose63,11,Is my PLTR gonna be okay daddy
354,2020-11-28 00:34:39,Wade12323,10,"Me: Itâ€™s not panic selling if itâ€™s a stop loss 

Also Me: ğŸ¤¡"
355,2020-11-28 00:49:42,orrangearrow,9,"Ruh Roh.... The boomer autist is off his meds again  
  
>Stonks: a word young ones created to further dissociate from the fact that stocks are supposed to represent real underlying businesses.  
Mike Burry @michaeljburry"
356,2020-11-28 00:55:39,Loro1991,11,wingstop just got my order wrong time to short that bitch
357,2020-11-28 01:26:17,ejohns19,9,ğŸŒ¿ğŸ
358,2020-11-28 01:27:14,Narrow-Cup-3500,11,"GME squeeze begins this week, make sure to fasten your seatbelt"
359,2020-11-28 01:31:53,needadvice881,11,Is it me or was Black Friday dead af
360,2020-11-28 01:33:42,BuffettGOAT,10,Wow thanks u/fRaNkR016 for the award. I'll be repaying this forward to some other users here. It actually makes me happier if we all win together here on wsb. Like I was pretty annoyed at PLTR being mentioned so much and I don't really care too much about the stock but honestly fuck Citron.
361,2020-11-28 02:48:30,btoned,11,"PLTR TO THE MOON! 300 BY JUNE!

*holding 12/4 calls*"
362,2020-11-28 03:10:43,indigoismyfavourite,11,I've been on the road so to speak for just over 3 years now. It gets to you.
363,2020-11-28 03:48:42,gmoneymaker1,11,"If word on the street is to inverse WSB, then explain PLTR"
364,2020-11-28 04:11:26,HolderofFour,10,I forgot Playboy will IPO. What the fuck do they even do? I havenâ€™t read a magazine since I was in elementary school.
365,2020-11-28 04:14:01,OptionsAndTren,10,Ford sells $150 billion worth of cars in a year... market cap is only $35 billion. Lol
366,2020-11-28 04:18:49,BojangleChicken,10,I feel bad for anyone who fell for the citron trap. Institutions will buy up that 700mil shares in the pm Monday.
367,2020-11-28 04:53:08,bubdinkle,10,People have been hyping the GME short squeeze for a year. They'll probably still be hyping it a year from now.
368,2020-11-28 04:59:23,nosalute,10,You know PLTR bears..some ya'll are alright..except Andrew Left hes big homo
369,2020-11-28 05:14:19,silverlink22,9,"â€œBREAKING: Los Angeles County has announced a new stay-home order as coronavirus cases surge out of control in the nationâ€™s most populous county. The order, which takes effect Monday, comes as the county confirmed 24 new deaths and 4,544 new COVID-19 cases.â€

My puts are fucked."
370,2020-11-28 05:24:01,Cocainefanatic,9,I love you motherfuckers goodnight
371,2020-11-28 05:50:40,AutisticallyGifted,10,"I'm diversifying Monday.  Half TSLA, half PLTR, and half GME."
372,2020-11-28 05:57:50,zNatural,10,"33% PLTR, 33% GME, 34% thicc boy come Monday"
373,2020-11-28 06:11:37,KenekiKen,10,"GME broke out from $15.5 resistance and had the biggest volume in weeks on a HALF day. 


Donâ€™t be late to the party"
374,2020-11-28 06:20:29,imaginebeingabear,10,â¤ï¸ PLTR AND GME â¤ï¸
375,2020-11-28 06:22:02,its_Tow,9,I just lost 400 at the craps table.  The extra half day of no trading is killing me.  Probably going to hit the Cromwell tomorrow too.
376,2020-11-28 07:43:04,DonJohnsonBTFD,10,Will this go down as one of the best Novembers in wsb history
377,2020-11-28 09:58:05,CptTonyStark,10,Only real crackheads around now
378,2020-11-27 21:15:39,The_Chillosopher,19,"*Bzzzzz* ğŸ buzz buzz 

*deposits honey into your account*"
379,2020-11-27 22:23:48,photodang,18,Just came back from the mall. The line at GameStop was fucking ridiculous. Calls
380,2020-11-27 23:00:39,Oakland_Trader,17,"Citron is short TSLA, PTON and now PLTR. Thatâ€™s some serious loss porn."
381,2020-11-28 02:00:24,None,20,[deleted]
382,2020-11-28 02:31:03,dwdsquared2,21,"https://twitter.com/JDiamond1/status/1332480492638269443?s=19

>Milwaukee County just finished the recount that realDonaldTrump's campaign paid for.

>The result: Biden's lead increased by 132 votes."
383,2020-11-27 21:52:01,spylord5,28,I swear to god if yâ€™all donâ€™t post PLTR loss porn Iâ€™ll burn this motherfucker to the ground
384,2020-11-27 21:14:47,Humble_Genius_IQ170,18,"Even with massive shorts, PLTR held pretty strong. It will only accelerate run up when shorts cover at higher prices"
385,2020-11-27 22:11:08,eduardopazruiz,18,I tell my parents I have connections to Wall Street when I talk about this sub
386,2020-11-27 22:34:17,Throwawaymywoes,18,"These Best Buy sales are hot garbage. I bought a TV earlier this year with no discount but now theyâ€™re selling the same TV, same price, saying its discounted 300 dollars off. The fuck is this shit? Puts on Best Buy."
387,2020-11-27 23:22:31,MangoManYummy,18,"Even those I blew up 50% of my account today, Iâ€™m so happy to start my new job next week. 72k a year at 23 without college

Edit: honest opinion is I that decent? Have military background and probably will go to college eventually for freeee"
388,2020-11-27 23:39:43,LiamPhlegmsworth,19,Breaking: Andrew Left is the downvote goblin
389,2020-11-28 00:03:53,e30jawn,17,Andrew Left uses Q-tips in his belly button.
390,2020-11-28 01:32:02,Zenjpeg,18,Love me THICC BIIIITCH
391,2020-11-28 01:50:06,SElonsC42069,18,Monday finna be the greenest in a generation
392,2020-11-28 01:54:16,orockers,17,Andrew Left likes Nickelback
393,2020-11-27 21:09:18,hellokittyss1,8,Never chase on a Friday
394,2020-11-27 21:10:05,Anotherdumbasshole,10,Casino?!?! You know why people go to casinos? For the money
395,2020-11-27 21:25:06,PregnantPickle_,9,"Citron, more like Siton this dick"
396,2020-11-27 21:30:07,chefjeffb,9,If you didn't buy weed calls today to sell at open Monday I dunno what the fuck you're doing
397,2020-11-27 21:51:03,Legolas_i_am,10,ğŸ’ hand
398,2020-11-27 22:04:52,GreekGodOfBaseball,9,Can you use Robux in Robinhood
399,2020-11-27 22:05:05,SDOW-Investments,9,This sub is going to shit man. 5% loss porn and 25% gains post on shares. Is this r/investing ??
400,2020-11-27 22:06:03,SonofRaymond,9,The new Animaniacs on Hulu is pretty good.
401,2020-11-27 22:14:04,curiousprovisions,9,Can we all protest at Andrew Left's house?
402,2020-11-27 22:26:50,BadlyStrungElastic,9,From here on out I am enabling post notifications for citrons Twitter feed for buy signals
403,2020-11-27 22:29:48,me_gusta_gatos,9,"doubled my money this week which I doubled last week, let's do it again next week"
404,2020-11-27 22:32:32,LauserRacing,10,Andrew Left never has been Right thats why he always was wrong ğŸ˜
405,2020-11-27 22:33:53,SolidProfessional8,10,"I need to surround myself with smart and reckless people IRL. How do I find them IRL?

Smart people I find tend to be losers

Reckless people I find tend to be stupid"
406,2020-11-27 22:36:02,RailingAdderall,8,Corsair gang yall good
407,2020-11-27 22:40:17,RangerMoose63,8,PLTR gonna be okay by end of next week?  Asking for a friend. Literally.   I told him to buy 2k of 35c 12/4.
408,2020-11-27 22:50:48,FerdTurgerson,9,Cramer more like Crymore
409,2020-11-27 22:55:13,Burnt_toast_2018,10,"This week summarized:

Haha computer number go up

ğŸ¦ƒ 

Beep Boop computer number higher"
410,2020-11-27 23:06:57,TheRockGuy805,9,I kept scrolling past PLTR in my stocks app because Iâ€™m not used to it being red
411,2020-11-27 23:10:24,SnooMemesjellies8677,7,thiccy bee looking nice and tasty here
412,2020-11-27 23:17:42,crazymindtou,8,How many times do u read wsb in a day? I check in every minute errday for max gainz
413,2020-11-27 23:36:05,Upset_Tourist69,9,"Imagine the disappointment spending all of Thanksgiving telling your family that ğŸ”®was going to make you a rich MF today and going to bed smiling thinking about laying on a bed of hundred dollar bills and then waking up and getting completely shafted... lol

Iâ€™m just salty because I want to buy back the CCâ€™s I sold and keep the shares for myself"
414,2020-11-27 23:37:00,darth_boner_,9,SPAC investing seems too good to be true. Guaranteed >20% returns if you get in close to NAV. What am I missing?
415,2020-11-27 23:41:52,bigballinbastard,9,How do we feel about CRSR next week
416,2020-11-27 23:49:08,AccidentalBirth,10,Andrew Left tried to bankrupt build a bear
417,2020-11-27 23:49:32,PencilChant,9,CRSR ğŸš€ğŸš€ğŸš€ MONDAYY
418,2020-11-27 23:51:35,AccidentalBirth,9,Andrew Left said the final season of game of thrones was his favourite
419,2020-11-28 00:01:29,Burnt_toast_2018,8,Andrew Left really the type of guy to hold the door open and just stand there staring you down while youâ€™re at least 20-30 steps away
420,2020-11-28 00:05:32,Zenjpeg,10,THC BRRRRR ! Was a tease today. Next week it will moon like kcac.
421,2020-11-28 00:11:59,LongishBull,8,Catherine Wood I know you're in here buying meme stonks... hml baby girl 586-720-8810
422,2020-11-28 00:12:58,Godmode92,11,What times the market open tomorrow? Canâ€™t wait to cash out on my PLTR tendies ğŸ”¥ğŸš€ğŸš€ğŸ˜©
423,2020-11-28 00:13:57,Boss1010,9,"For all of you using RH for SPAC trading, switch ASAP. You guys missing out on them warrant tendies"
424,2020-11-28 00:18:33,peppercupp,10,"""PLTR Discussion Thread for the Weekend of November 27, 2020, ft. Andrew Left"""
425,2020-11-28 00:20:36,EnginrA,9,"PLTR gets the ladies, PLTR drives Mercedes"
426,2020-11-28 00:22:56,markalept,9,Andrew Left mooched off all his friends growing up claiming they were â€œovervaluedâ€.
427,2020-11-28 00:28:00,yushey1,9,I don't understand people who post their position without saying their average price then ask if they are gonna print or not.
428,2020-11-28 00:31:21,rankiba,10,Yall missin out on GME
429,2020-11-28 00:41:44,clavitopaz,9,Every now and then I make a dumbass move. Lost $2600 on PLTR 0DTEâ€™s today. Just gonna be safe next week and ride TSLA to the SPY inclusion
430,2020-11-28 00:45:12,J-Lam,9,Paypalantesla
431,2020-11-28 01:00:13,Stomponyourgoldfish,9,Holy shit i traded like a retard today. Just call me captain idiotass
432,2020-11-28 01:03:27,bardisviable,9,APHA TLRY ğŸ“ˆğŸ“ˆğŸ“ˆincoming 50% week
433,2020-11-28 01:09:34,WDWCastMember,9,"I just saw a guy commenting GME will be $50 eoy and many are believing him. This has to be the top... of everything, right?

Literally we are all making tons of cash just slamming the call button on everything."
434,2020-11-28 01:10:51,brownbrandon,9,â€œYour SPY put expired out of the moneyâ€
435,2020-11-28 01:24:47,aggieclams,9,"Got some quality dabs, drinking beefy IPAs, chilling and listening to music. Lifeâ€™s good."
436,2020-11-28 01:28:52,gonewildpapi,8,"After you do a fast, you realize how much you really donâ€™t need food and how much your feelings of hunger are just bullshit."
437,2020-11-28 01:34:11,chefromnba2k,8,Madden NFL is the hardest game i ever played
438,2020-11-28 01:50:14,Electrical_Spite_477,10,It's always WHY are you following me and never HOW are you following me
439,2020-11-28 01:57:41,machococks,8,# [Police called to Jacksonville GameStop for line cutter](https://www.news4jax.com/news/local/2020/11/27/police-called-to-jacksonville-gamestop-for-line-cutter/)
440,2020-11-28 02:29:14,Sweattysack69,10,max pain on PLTR is 23 this week just putting that out there
441,2020-11-28 02:46:01,PencilChant,9,Next trade I do in just gonna slap my dick on my robinhood till it buys something
442,2020-11-28 02:50:13,_____rs,7,"Gotta say it, Poki is just not that hot. All that cake makeup makes her look like a zombie."
443,2020-11-28 02:50:54,OverAndUnder500,9,I remember in March I was thinking about how much car prices would drop lol shit never dropped worst recession ever
444,2020-11-28 02:55:47,M_y_M_u_s_e,10,"dawg, weekends ain't shit."
445,2020-11-28 03:08:15,GayBearGrylls,8,DD is nice and all but I prefer a nice C-cup
446,2020-11-28 03:18:19,dudeitsadell,9,Plastering Shitrons name all over the place is giving him the satisfaction he wants. We need to ignore him and move on. He's never been right about anything before...
447,2020-11-28 03:22:56,tylertime98,10,i have an idea. how about we keep pumping a stock like palantir every couple of months and we'll all be rich.
448,2020-11-28 03:44:22,aprupp,9,"As the great philosopher Norm Macdonald once quipped, â€œYouâ€™d think a ship made out of solid gold would be valuable. Or maybe a ship made of diamondsâ€”not sure if it would float. But do you know what the most valuable ship of all is? Friendship.â€"
449,2020-11-28 03:45:57,WallGamblerTheReturn,9,"THC ğŸ ğŸ ğŸ 
APEâŒâŒâŒ
HCğŸ…°ï¸ğŸ…°ï¸ğŸ…°ï¸C"
450,2020-11-28 04:04:56,TurtleFacts72,8,So yall still going long into ATHs and a depression?
451,2020-11-28 04:17:46,HolderofFour,10,"If you think the PLTR shit posting is bad, just you wait until Playboy IPOâ€™s and has a slight run up. Youâ€™re going to have dudes talking about how they run the Playboy mansion while living in their momâ€™s basements."
452,2020-11-28 04:37:38,yaboigoat53,9,I have not left my Toilet bowl for the last hour my stomach is in shambles
453,2020-11-28 04:41:42,GrandSacko,8,Why go to Vegas if Robinhood is free?
454,2020-11-28 04:45:55,AccidentalBirth,10,"After browsing the three millionaires that we have on this subreddit, I've concluded we should shift from pltr to gme based on no research on either"
455,2020-11-28 04:46:58,EatMeatPeeps,10,"NFL goes from BLM in one segment to military stuff and American flags in the next. They are very great at playing both sides. 

NFC East 16p 1/16/21"
456,2020-11-28 04:57:22,GatoAmarillo,9,"random fact nobody cares about:

there are more than 50 confirmed lost nuclear warheads at the bottom of the ocean somewhere just between the USA's and Russia's fuck ups"
457,2020-11-28 05:21:31,TicklingTentacles,9,"$NET GANG WHERE YOU AT
ğŸ”¥â˜ï¸ğŸ”¥â˜ï¸ğŸ”¥â˜ï¸ğŸ”¥ğŸŒ¥ğŸ”¥â˜ï¸"
458,2020-11-28 05:51:34,CroissantDuMonde,9,"Someone Iâ€™ve been talkin to lately (also happens to be unemployed) just told me they donâ€™t see us having a â€˜deeper connection.â€™ Like damn, I guess this is what I get for buying PLTR puts."
459,2020-11-28 06:03:30,subzero12320931,9,I sure do hope PLTR goes back up... this is a painful weekend. Thx Shitron
460,2020-11-28 06:39:10,lotrmemescallsforaid,10,ğŸŒ³ğŸğŸŒ³ğŸğŸŒ³ğŸğŸŒ³ğŸğŸŒ³ğŸ
461,2020-11-28 06:45:14,Cowboyre,8,I want a million dollars to fill the void in my heart the size of any throbbing asshole from your moms big black cock
462,2020-11-28 06:54:12,Throwawayeconboi,9,Can we go back to when SPY was a meme stock? Thanks.
463,2020-11-28 07:04:39,archibld_meatpants,7,Guys like 5 people I know got engaged or married in the past week. Thatâ€™s kinda crazy why people get married so young yeesh
464,2020-11-28 07:32:06,tipsystatistic,8,"Everyoneâ€™s expecting a correction and waiting for a dip to buy, which means a week long melt up is imminent."
465,2020-11-28 08:48:29,CptTonyStark,8,Snorts another line
466,2020-11-28 09:20:08,Wishforgains,10,Holy shit there are so many pumpers reeling in all the retards hook line and sinker.
467,2020-11-28 09:34:47,goodguy619,9,so is this a spac pump and dump sub now? Some of the DDs that get pinned are absoluletely dog poopoo
468,2020-11-27 22:42:26,s33ek,17,"#FUCK ANDREW ""MY WIFE"" LEFT"
469,2020-11-28 01:34:45,Grrr_Mondays,17,Free Shkreli
470,2020-11-28 02:20:29,fewdsy,18,I have a disease its called paper hands
471,2020-11-28 05:14:22,TRFlippeh,17,"just broke up with my girlfriend and here i am checking the discussion thread on a friday night 

really living my best life huh guys"
472,2020-11-28 05:38:07,Throwawayeconboi,17,"WTF.


California has an unemployment rate* of 13% right now? Sheeeeeeeeeeeeeeesh. The fifth biggest economy in the world, WHERE DA STIMULUS AT YOU BITCH MCCONNELL


*we know this doesnâ€™t account for those who gave up job searching though...economics 101"
473,2020-11-27 22:07:33,fazer_worldx,16,"Went from +$2400 to +400 today and you guessed it, PLTR. Gains are gains see you retards next week."
474,2020-11-27 22:41:05,bleev,15,Letâ€™s be honest PLTR was gonna consolidate today anyways. Citron knows that and took advantage to create fear.
475,2020-11-28 01:03:51,Summernightss,15,We need code names for these memes otherwise shitron is going to keep trying to fuck us
476,2020-11-28 03:31:18,Warchiild,17,Motherfuckers act like they forgot about DRE
477,2020-11-28 05:35:43,indigoismyfavourite,16,"i used to own and run a company. lol


my life went so downhill its fucking nuts"
478,2020-11-27 21:08:12,mynamesadrian,8,Are we all just 100% confident that the spy wonâ€™t have a pull back based on personal bias?
479,2020-11-27 21:08:16,VacationLover1,8,My portfolio keeps hitting ATH after ATH.. this game is fun
480,2020-11-27 21:13:02,QuadraCornFed,8,Anddd we hit 3% up in afterhours PLTR easily 30 Monday morning
481,2020-11-27 21:17:50,Rj2880,8,Saw all the citron shit talking on twitter but honestly I feel like they did us a solid. Gave me the dip i needed to add to my position
482,2020-11-27 21:18:33,steve_pops_01,9,"Someone mentioned the Citron report leaking yesterday. 

How did they know"
483,2020-11-27 21:18:37,Kelanfarx,7,Am I the only idiot in NIO and NIU?
484,2020-11-27 21:28:01,evenkeel08,7,Good shit AH PLTR! Now just go up another 20% so I can break even ğŸ¤¡
485,2020-11-27 21:28:38,Intelligent_Bike_550,9,GME TO THE MOON ğŸš€ğŸš€
486,2020-11-27 21:32:31,g4858364957,7,"I did so much shilling for GME when it was at 11, hope some of you guys got in at least"
487,2020-11-27 21:36:11,None,9,[deleted]
488,2020-11-27 21:40:03,47trill,8,I donâ€™t need to know their name or what they do to invest. I donâ€™t take life too serious
489,2020-11-27 21:44:16,BariBlue,8,Imagine how glorious it would be if the vaccine news on Monday was about PLTR
490,2020-11-27 21:47:23,dazednconfuse,8,"17C GME 12-18-20

Letting this baby ride to earnings"
491,2020-11-27 22:01:59,RarriFerrari18,7,Guys is GME the play Monday??
492,2020-11-27 22:18:12,enter57chambers,8,Guggenheim partners bought 22m shares of psth this month worth half a billion. Merger incoming baby face ackman ğŸš€ğŸš€ğŸš€ğŸš€
493,2020-11-27 22:25:48,seancarr181,8,Thank you PLTR for paying for my new TV
494,2020-11-27 22:26:14,MakeOSUGreatAgain63,8,Iâ€™ve never seen this sub so enraged at an analyst before ğŸ¤£ğŸ¤£ Going to really enjoy the fuckery that ensues. This shit is far from over ğŸ¿
495,2020-11-27 22:47:57,creature1231,9,"â•­âˆ©â•®ï¼ˆï¸¶ï¸¿ï¸¶ï¼‰â•­âˆ©â•® Pick up on these Citron Algos â•­âˆ©â•®ï¼ˆï¸¶ï¸¿ï¸¶ï¼‰â•­âˆ©â•®

PLTR $100 EOY."
496,2020-11-27 22:53:48,iamchromes,8,Imagine thinking Tesla is still a meme stock ğŸ¤¡
497,2020-11-27 23:15:01,slowand-old,8,Was TSLA mania over the summer as bad as PLTR is right now? I feel like PLTR is 10x worse for some reason. I'm having trouble comparing them
498,2020-11-27 23:22:53,TehJackAttack,7,"I'm 15% cash over the weekend, this is the most cash gang I've ever been"
499,2020-11-27 23:28:04,Stockengineer,9,god damn GME... why you pumping... fuck hope the retard who had my 16c didn't bother exercising lol
500,2020-11-27 23:28:13,MountainDues,8,You guys are all sleeping on the cannabis wave
501,2020-11-27 23:36:55,Gucci4Bouchti,9,ICLN hitting 25 by January 15?
502,2020-11-27 23:46:19,HolderofFour,8,I donâ€™t think I seen retardation on this level since the Kodak vaccine pump n dump a few months ago.
503,2020-11-27 23:46:39,Asst_tothe_RgnlMngr,8,Yachty had y'all scared as fuck at 12:30 today didn't he
504,2020-11-27 23:47:28,Offduty_shill,8,"Currently at local GME trying to pick up Dark Souls for Switch that my friend bought for me. Line of 8 people outside, they're limiting capacity. Looks to be popping except they don't have any of the new consoles and the store still looks like absolute shit.

Edit: line of like 20 people now these fuckers need to leave, GME small as shit not that much to even browse ugh. Some fucker asked for an Xbox 3 when he meant ps5 somehow."
505,2020-11-27 23:51:00,AccidentalBirth,8,Andrew Left sits to pee
506,2020-11-27 23:51:28,sdht_,7,Did anyone successfully convince family members to buy PLTR calls at open this morning? That's some sitcom shit lmao
507,2020-11-27 23:53:16,dixiemaisie,8,Trevor Milton meet Andrew Left
508,2020-11-27 23:54:47,yearofthebull69,8,Thereâ€™s gonna come a time when people just stop selling on Citron reports. And itâ€™s gonna be hilarious.
509,2020-11-27 23:56:22,RottenKumquat,8,ğŸ gang
510,2020-11-28 00:09:40,NewRhubarb1,8,"Andrew Left pees, flushes then sits down to poop"
511,2020-11-28 00:09:58,Gua_Bao,8,andrew left caddies for trevor milton.
512,2020-11-28 00:12:38,Hawkpro,7,I'm paying this girl to degrade me on new years. Atl
513,2020-11-28 00:18:55,KelbySmith,8,APHA ğŸš€ğŸš€ GET INNN thank me later. 9 next week
514,2020-11-27 21:47:44,Emotional_Extension9,58,Ruthless
515,2020-11-27 22:02:18,IM4AL,15,">d convert to low inc

do you are saying WSB should buy houses and convert them to low income housing by moving in since no one here makes any money? I'm in!"
516,2020-11-27 21:19:28,Houston_swimmer,51,"Dude yes lol. 

Ba took me down 25k in 2 days in June. 

Pltr dip ainâ€™t shit"
517,2020-11-27 21:18:45,Inner-Lake7456,32,It was laughable the reactions today.
518,2020-11-27 21:44:24,SeaAdvantage9,29,PLTR only has 13% institutional ownership. Around 80% of the SP50 is owned by institutions
519,2020-11-27 22:32:57,marley_d,29,"Fuck Citron

All My Homies Hate Citron"
520,2020-11-27 21:35:19,Cowboyre,9,Take out minimizing risk and put moderate to aggressive risk
521,2020-11-27 22:00:40,infiniteindy,24,Really does make me think the top is in
522,2020-11-27 23:43:56,BearsHateOnMe,11,Tell grandma she should know better than to buy on a Green Day
523,2020-11-27 21:22:20,beargangkillyourself,11,TELL 'EM
524,2020-11-27 21:22:28,bearecx,12,Drop more bucks into pltr
525,2020-11-27 22:57:22,nfa1234,12,"The first rule of degeneracy is to say nothing, don't mention the uppies or the downies.  Nothing good will come of it.  Also put your wife on a dating app."
526,2020-11-27 21:12:11,bearecx,53,This energyğŸ˜ŒğŸ˜Œ
527,2020-11-27 21:11:26,JULY-21st,30,God damn right
528,2020-11-27 21:12:47,alleyproperty_bitch,23,This is the way.  ğŸš€
529,2020-11-27 22:15:54,StuffMyCrust69,13,This is the way
530,2020-11-28 02:18:38,PayPerTrade,12,This is the way.
531,2020-11-28 02:18:16,throwaway21342134213,11,Do we work together?
532,2020-11-27 21:13:27,shlamdee,62,Bro go full monk and meditate until then
533,2020-11-27 21:37:10,nuremberp,9,take 400ug LSD and smoke some weed every 4 or 5 hours
534,2020-11-27 21:12:12,IncomeIdea,81,"I'm down, but we're probably all different ages and most likely not as good looking."
535,2020-11-27 21:11:19,Squidster777,49,We should definitely throw together a WSB convention in Las Vegas or something
536,2020-11-27 21:12:14,JULY-21st,27,Whoâ€™s gonna do the fucking dishes
537,2020-11-27 22:13:22,nasty_nater,11,And I think we know what tech company we would use to track him down and bring him to justice.
538,2020-11-27 22:18:46,butterflyfrenchfry,8,Mine is ironically up 94% in the last week and down 93% all time ğŸ¤¡
539,2020-11-27 21:47:10,AsaKurai,37,It only went down 5% too lol. Usually when Citron shorts i've seen stocks tumble double digits
540,2020-11-27 21:44:24,Quatto,15,What can we do when the mods take away our retard rights
541,2020-11-27 21:59:51,motorboat690,9,Soon to be 20+
542,2020-11-27 22:41:34,MiamiSportsNet,19,"Lmao. â€œDear Reddit, I was stupid and listened to people on Reddit. What should I do now?â€"
543,2020-11-27 22:41:18,brunette5179,14,Holy fuck that's hilarious
544,2020-11-27 22:42:20,Niceguyy81,12,Holy shot what a bunch of pathetic fucks
545,2020-11-27 22:51:42,hookisacrankycrook,13,I think a healthy mix of WSB and investing is okay. For them to say you should never buy a stock unless you are a specialist is stupid. But you should also not huck your life savings into an individual stock if you have no emergency fund and have bills to pay. That dude gonna be pissed if he follows their advice and takes the loss on Monday then PLTR hits 35 EOW.
546,2020-11-27 22:42:17,SurgeonLoki,10,Why they hating on usğŸ¤£ you need to read only 2 sentence to realize the retardation here
547,2020-11-28 00:37:59,4fingertakedown,21,I turned $100 into $78.
548,2020-11-28 03:36:43,Mortamus978,12,True. Mods ban this fucker
549,2020-11-28 00:20:09,Cowboyre,11,"Today was revenge of the sith, monday a new hope"
550,2020-11-28 01:04:16,Murky_Manufacturer7,16,You're not wrong given there is a month left of 2020 so the 2020 bubble will end on Jan 1st when the 2021 bubble will start.
551,2020-11-28 09:32:06,Omerta2304,11,RIP.. its a huge loss.. chin up my man.. doggo is in a better place now
552,2020-11-28 01:08:15,JustFuckingSendIt,10,Worth around 16m today ğŸ¤¡
553,2020-11-27 21:14:12,SkyBIueDreams,14,ğŸ™‹â€â™‚ï¸ up 3% AH letâ€™s get it
554,2020-11-28 01:51:13,SkittleTittys,51,"Female here. Let me explain. Old girl knew you were in love with her for years. Tried it out, didnt like it. Realized that you were worth it and amazing after dating whatever shitdip she was with for the last two years. Now she has FOMO for you. She is a bagholder. Guarantee she dated a shithead in the last two years and sold at a loss. 

Meanwhile your present gf has 2 years worth of equity and is quietly watching the gains roll in nice and easy. 

Id tell your present gf exactly why that ex is texting you, hand your phone to her so if she wants, she can block the number, then give her some roses, and cuddle. You'll literally be up 20% in a day."
555,2020-11-28 01:40:06,wallstreetarcher,18,"Sir this is a casino.

Roll the dice."
556,2020-11-28 01:40:30,Candid-Pilot,17,Women bro. Donâ€™t go back to the first girl. Itâ€™s a trap
557,2020-11-28 01:42:19,Viewtastic,13,"Forget that first girl. She will get you to leave that other girl you met, then leave you all over again.

Women can be shitty like that."
558,2020-11-28 01:40:51,creature1231,11,"Girls be like that, just block her, anon, especially if you like your current gf. You don't need more drama when you have us and PLTR."
559,2020-11-28 01:43:57,afishnsea,13,First girl got lonely in covid times
560,2020-11-28 01:40:40,randomuser224488,9,Forget both. Focus on the tendies
561,2020-11-28 01:41:37,viperik,10,im in love with you as well. its me your wsb bf
562,2020-11-27 23:40:33,HolderofFour,8,"â€œETFâ€™s are gay!â€

*has $20 in Robinhood for â€œplaysâ€*"
563,2020-11-27 22:22:17,None,10,[deleted]
564,2020-11-27 22:29:22,siioo,11,12/4 $20 c ğŸ’ªğŸ»
565,2020-11-27 22:34:20,justinswagvila,11,Monday? Weâ€™re doing that shit AH tonight.
566,2020-11-28 01:58:07,Sayter,9,4 years or some shit
567,2020-11-28 05:47:16,DavefromHR,13,Income really increases when you start blowing dudes
568,2020-11-27 22:09:25,telperiontree,19,"That's perfect. You made 10k and kept 9990. Now you need to learn how to cook rice and beans so you can feed yourself for a buck a day and keep 9999. 

And then buy an FSD Tesla."
569,2020-11-27 22:10:09,T1-5K,8,10 piece? Dog you coulda went with the 20!!
570,2020-11-27 22:00:23,GeorgeHarris420,8,They have 1k in 36c expiring 12/04
571,2020-11-27 21:31:06,Responsible-Rub2732,12,Wow you're really laying it all on the line
572,2020-11-27 21:29:21,cactusrescue,10,Oooh 70$ look at mister big bucks yoloing his fortune away
573,2020-11-28 00:52:44,Cowboyre,13,Omggg a puppy would make me so much happier
574,2020-11-28 05:43:36,CptTonyStark,16,Itâ€™s actually just me and my 7 alts
575,2020-11-28 06:26:26,THEIRONGIANTTT,11,Mars isnâ€™t gonna colonize itself
576,2020-11-28 00:27:26,beargangkillyourself,9,Then ask her to leave.
577,2020-11-28 01:53:52,THExNeo,13,"Oh shit, you in the plant?"
578,2020-11-28 02:21:07,poolnoodle37,11,"Honestly, CFA employees can be fired or demoted for the tiniest thing. So we are just so terrified to lose our jobs we act happy all the time. I got written up for being 5m late after walking to work through a blizzard because I had a flat tire. I had never been late before, and they docked my pay 15Â¢ an hour for a month. 3 write ups is termination according to company policy, and they wrote me up day 1 for not being clean shaven."
579,2020-11-28 04:56:17,Bismarck3000,11,I'd retire
580,2020-11-27 21:16:04,shlamdee,11,MOOOOOOONDAYğŸš€
581,2020-11-28 00:41:16,WinterZookeepergame3,11,">guess who is now president of the united states

Lol trump

But good dd; all in pltr"
582,2020-11-27 22:58:18,pelikana20,9,"If you zoom out and see the bigger picture those aren't actually related. Take a deep breath, you can come back from 8K, address that first and disregard bitches for now"
583,2020-11-27 22:39:14,RandyCrane17,14,$0.00?
584,2020-11-27 22:35:19,drunkat5am,11,I got 3 bank accounts with 0â€™s
585,2020-11-27 23:03:59,StuffMyCrust69,10,"Andrew Left is pissed his wife left him for an EV battery exec. He can suck a fat dick 

TSLA 12/11 650c"
586,2020-11-28 02:02:23,xKhaos420,9,"Make your money king, these girls ain't worth the time"
587,2020-11-27 21:54:49,fiftieth,13,"""Loss porn"" 

Waa my PLTR calls were up 457%, but now theyre only up 417%ğŸ˜­"
588,2020-11-27 21:52:38,Niceguyy81,8,You make it sound like it crashed today
589,2020-11-27 22:39:13,everlastingdeath,9,That's black friday every year
590,2020-11-27 23:43:36,baschbrandon,12,50
591,2020-11-28 05:53:54,silverbugoutbag,15,Donâ€™t worry there are lots of guys out there
592,2020-11-28 03:32:27,StuffMyCrust69,12,Dreâ€™s dead heâ€™s locked in my basement.
593,2020-11-28 05:36:48,CptTonyStark,11,That companyâ€™s name? Theranos
594,2020-11-27 21:09:41,Cowboyre,9,"Honestly by what weâ€™ve seen by thanksgiving travel, the country does not give a SHIT about COVID anymore, no reason for it to affect SPY at this point"
595,2020-11-27 23:16:45,SeaAdvantage9,11,Palantir is worse because all the people will small bank rolls can play it. The premiums on TSLA were thousands so a lot of the kids couldnâ€™t afford it
596,2020-11-27 21:24:32,lkjgf1123,83,I am 12 and fat can i come
597,2020-11-27 21:13:10,SLFSFCNT,44,The dishwasher bruh
598,2020-11-27 22:12:50,PlaneReflection,9,"With $9990 and a buck a day, you could eat for 27 years"
